tau,escalate_count,mean_reward,mean_cost,same_count_random_reward,same_count_random_cost,reward_lift_vs_same_count_random
-1,0,0.3881118881118881,0.0030106595979020982,0.3881118881118881,0.0030106595979020982,0.0
-0.09375,0,0.3881118881118881,0.0030106595979020982,0.3881118881118881,0.0030106595979020982,0.0
-0.0927734375,0,0.3881118881118881,0.0030106595979020982,0.3881118881118881,0.0030106595979020982,0.0
-0.091796875,0,0.3881118881118881,0.0030106595979020982,0.3881118881118881,0.0030106595979020982,0.0
-0.09130859375,0,0.3881118881118881,0.0030106595979020982,0.3881118881118881,0.0030106595979020982,0.0
-0.0908203125,0,0.3881118881118881,0.0030106595979020982,0.3881118881118881,0.0030106595979020982,0.0
-0.08935546875,0,0.3881118881118881,0.0030106595979020982,0.3881118881118881,0.0030106595979020982,0.0
-0.087890625,0,0.3881118881118881,0.0030106595979020982,0.3881118881118881,0.0030106595979020982,0.0
-0.0869140625,0,0.3881118881118881,0.0030106595979020982,0.3881118881118881,0.0030106595979020982,0.0
-0.0859375,0,0.3881118881118881,0.0030106595979020982,0.3881118881118881,0.0030106595979020982,0.0
-0.085693359375,0,0.3881118881118881,0.0030106595979020982,0.3881118881118881,0.0030106595979020982,0.0
-0.08544921875,0,0.3881118881118881,0.0030106595979020982,0.3881118881118881,0.0030106595979020982,0.0
-0.0849609375,0,0.3881118881118881,0.0030106595979020982,0.3881118881118881,0.0030106595979020982,0.0
-0.08447265625,0,0.3881118881118881,0.0030106595979020982,0.3881118881118881,0.0030106595979020982,0.0
-0.083984375,0,0.3881118881118881,0.0030106595979020982,0.3881118881118881,0.0030106595979020982,0.0
-0.08349609375,0,0.3881118881118881,0.0030106595979020982,0.3881118881118881,0.0030106595979020982,0.0
-0.0791015625,0,0.3881118881118881,0.0030106595979020982,0.3881118881118881,0.0030106595979020982,0.0
-0.07470703125,1,0.3881118881118881,0.0030481747027972027,0.3884053009927136,0.0030592832037018925,-0.000293412880825461
-0.072509765625,1,0.3881118881118881,0.0030481747027972027,0.3884053009927136,0.0030592832037018925,-0.000293412880825461
-0.0703125,1,0.3881118881118881,0.0030481747027972027,0.3884053009927136,0.0030592832037018925,-0.000293412880825461
-0.06689453125,3,0.3881118881118881,0.0031523141433566436,0.38899212675436445,0.003156530415301482,-0.0008802386424763275
-0.0634765625,4,0.3881118881118881,0.0031967563111888106,0.3892855396351899,0.0032051540211012765,-0.0011736515233017886
-0.0628662109375,4,0.3881118881118881,0.0031967563111888106,0.3892855396351899,0.0032051540211012765,-0.0011736515233017886
-0.062255859375,4,0.3881118881118881,0.0031967563111888106,0.3892855396351899,0.0032051540211012765,-0.0011736515233017886
-0.0615234375,4,0.3881118881118881,0.0031967563111888106,0.3892855396351899,0.0032051540211012765,-0.0011736515233017886
-0.060791015625,4,0.3881118881118881,0.0031967563111888106,0.3892855396351899,0.0032051540211012765,-0.0011736515233017886
-0.0606689453125,4,0.3881118881118881,0.0031967563111888106,0.3892855396351899,0.0032051540211012765,-0.0011736515233017886
-0.060546875,4,0.3881118881118881,0.0031967563111888106,0.3892855396351899,0.0032051540211012765,-0.0011736515233017886
-0.0601806640625,4,0.3881118881118881,0.0031967563111888106,0.3892855396351899,0.0032051540211012765,-0.0011736515233017886
-0.059814453125,4,0.3881118881118881,0.0031967563111888106,0.3892855396351899,0.0032051540211012765,-0.0011736515233017886
-0.0596923828125,4,0.3881118881118881,0.0031967563111888106,0.3892855396351899,0.0032051540211012765,-0.0011736515233017886
-0.0595703125,4,0.3881118881118881,0.0031967563111888106,0.3892855396351899,0.0032051540211012765,-0.0011736515233017886
-0.0594482421875,4,0.3881118881118881,0.0031967563111888106,0.3892855396351899,0.0032051540211012765,-0.0011736515233017886
-0.059326171875,4,0.3881118881118881,0.0031967563111888106,0.3892855396351899,0.0032051540211012765,-0.0011736515233017886
-0.0584716796875,4,0.3881118881118881,0.0031967563111888106,0.3892855396351899,0.0032051540211012765,-0.0011736515233017886
-0.0576171875,4,0.3881118881118881,0.0031967563111888106,0.3892855396351899,0.0032051540211012765,-0.0011736515233017886
-0.057373046875,4,0.3881118881118881,0.0031967563111888106,0.3892855396351899,0.0032051540211012765,-0.0011736515233017886
-0.05712890625,4,0.3881118881118881,0.0031967563111888106,0.3892855396351899,0.0032051540211012765,-0.0011736515233017886
-0.056640625,4,0.3881118881118881,0.0031967563111888106,0.3892855396351899,0.0032051540211012765,-0.0011736515233017886
-0.05615234375,4,0.3881118881118881,0.0031967563111888106,0.3892855396351899,0.0032051540211012765,-0.0011736515233017886
-0.0557861328125,4,0.3881118881118881,0.0031967563111888106,0.3892855396351899,0.0032051540211012765,-0.0011736515233017886
-0.055419921875,4,0.3881118881118881,0.0031967563111888106,0.3892855396351899,0.0032051540211012765,-0.0011736515233017886
-0.0550537109375,4,0.3881118881118881,0.0031967563111888106,0.3892855396351899,0.0032051540211012765,-0.0011736515233017886
-0.0546875,4,0.3881118881118881,0.0031967563111888106,0.3892855396351899,0.0032051540211012765,-0.0011736515233017886
-0.0543212890625,5,0.3881118881118881,0.003244039353146853,0.3895789525160155,0.003253777626901071,-0.0014670644041273606
-0.053955078125,5,0.3881118881118881,0.003244039353146853,0.3895789525160155,0.003253777626901071,-0.0014670644041273606
-0.0538330078125,5,0.3881118881118881,0.003244039353146853,0.3895789525160155,0.003253777626901071,-0.0014670644041273606
-0.0537109375,5,0.3881118881118881,0.003244039353146853,0.3895789525160155,0.003253777626901071,-0.0014670644041273606
-0.0535888671875,5,0.3881118881118881,0.003244039353146853,0.3895789525160155,0.003253777626901071,-0.0014670644041273606
-0.053466796875,5,0.3881118881118881,0.003244039353146853,0.3895789525160155,0.003253777626901071,-0.0014670644041273606
-0.05322265625,5,0.3881118881118881,0.003244039353146853,0.3895789525160155,0.003253777626901071,-0.0014670644041273606
-0.052978515625,5,0.3881118881118881,0.003244039353146853,0.3895789525160155,0.003253777626901071,-0.0014670644041273606
-0.052490234375,5,0.3881118881118881,0.003244039353146853,0.3895789525160155,0.003253777626901071,-0.0014670644041273606
-0.052001953125,5,0.3881118881118881,0.003244039353146853,0.3895789525160155,0.003253777626901071,-0.0014670644041273606
-0.0517578125,5,0.3881118881118881,0.003244039353146853,0.3895789525160155,0.003253777626901071,-0.0014670644041273606
-0.051513671875,5,0.3881118881118881,0.003244039353146853,0.3895789525160155,0.003253777626901071,-0.0014670644041273606
-0.0513916015625,5,0.3881118881118881,0.003244039353146853,0.3895789525160155,0.003253777626901071,-0.0014670644041273606
-0.05126953125,5,0.3881118881118881,0.003244039353146853,0.3895789525160155,0.003253777626901071,-0.0014670644041273606
-0.05029296875,5,0.3881118881118881,0.003244039353146853,0.3895789525160155,0.003253777626901071,-0.0014670644041273606
-0.04931640625,5,0.3881118881118881,0.003244039353146853,0.3895789525160155,0.003253777626901071,-0.0014670644041273606
-0.0489501953125,5,0.3881118881118881,0.003244039353146853,0.3895789525160155,0.003253777626901071,-0.0014670644041273606
-0.048583984375,5,0.3881118881118881,0.003244039353146853,0.3895789525160155,0.003253777626901071,-0.0014670644041273606
-0.0484619140625,5,0.3881118881118881,0.003244039353146853,0.3895789525160155,0.003253777626901071,-0.0014670644041273606
-0.04833984375,5,0.3881118881118881,0.003244039353146853,0.3895789525160155,0.003253777626901071,-0.0014670644041273606
-0.0482177734375,5,0.3881118881118881,0.003244039353146853,0.3895789525160155,0.003253777626901071,-0.0014670644041273606
-0.048095703125,5,0.3881118881118881,0.003244039353146853,0.3895789525160155,0.003253777626901071,-0.0014670644041273606
-0.04736328125,5,0.3881118881118881,0.003244039353146853,0.3895789525160155,0.003253777626901071,-0.0014670644041273606
-0.046630859375,5,0.3881118881118881,0.003244039353146853,0.3895789525160155,0.003253777626901071,-0.0014670644041273606
-0.0465087890625,5,0.3881118881118881,0.003244039353146853,0.3895789525160155,0.003253777626901071,-0.0014670644041273606
-0.04638671875,5,0.3881118881118881,0.003244039353146853,0.3895789525160155,0.003253777626901071,-0.0014670644041273606
-0.0457763671875,5,0.3881118881118881,0.003244039353146853,0.3895789525160155,0.003253777626901071,-0.0014670644041273606
-0.045166015625,5,0.3881118881118881,0.003244039353146853,0.3895789525160155,0.003253777626901071,-0.0014670644041273606
-0.0450439453125,5,0.3881118881118881,0.003244039353146853,0.3895789525160155,0.003253777626901071,-0.0014670644041273606
-0.044921875,5,0.3881118881118881,0.003244039353146853,0.3895789525160155,0.003253777626901071,-0.0014670644041273606
-0.0447998046875,5,0.3881118881118881,0.003244039353146853,0.3895789525160155,0.003253777626901071,-0.0014670644041273606
-0.044677734375,5,0.3881118881118881,0.003244039353146853,0.3895789525160155,0.003253777626901071,-0.0014670644041273606
-0.04443359375,5,0.3881118881118881,0.003244039353146853,0.3895789525160155,0.003253777626901071,-0.0014670644041273606
-0.044189453125,5,0.3881118881118881,0.003244039353146853,0.3895789525160155,0.003253777626901071,-0.0014670644041273606
-0.043701171875,5,0.3881118881118881,0.003244039353146853,0.3895789525160155,0.003253777626901071,-0.0014670644041273606
-0.043212890625,5,0.3881118881118881,0.003244039353146853,0.3895789525160155,0.003253777626901071,-0.0014670644041273606
-0.042724609375,5,0.3881118881118881,0.003244039353146853,0.3895789525160155,0.003253777626901071,-0.0014670644041273606
-0.042236328125,5,0.3881118881118881,0.003244039353146853,0.3895789525160155,0.003253777626901071,-0.0014670644041273606
-0.0416259765625,5,0.3881118881118881,0.003244039353146853,0.3895789525160155,0.003253777626901071,-0.0014670644041273606
-0.041015625,6,0.3881118881118881,0.0033240508216783216,0.3898723653968409,0.003302401232700866,-0.0017604772849527661
-0.0408935546875,6,0.3881118881118881,0.0033240508216783216,0.3898723653968409,0.003302401232700866,-0.0017604772849527661
-0.040771484375,6,0.3881118881118881,0.0033240508216783216,0.3898723653968409,0.003302401232700866,-0.0017604772849527661
-0.0406494140625,6,0.3881118881118881,0.0033240508216783216,0.3898723653968409,0.003302401232700866,-0.0017604772849527661
-0.04052734375,6,0.3881118881118881,0.0033240508216783216,0.3898723653968409,0.003302401232700866,-0.0017604772849527661
-0.0404052734375,6,0.3881118881118881,0.0033240508216783216,0.3898723653968409,0.003302401232700866,-0.0017604772849527661
-0.040283203125,6,0.3881118881118881,0.0033240508216783216,0.3898723653968409,0.003302401232700866,-0.0017604772849527661
-0.0400390625,6,0.3881118881118881,0.0033240508216783216,0.3898723653968409,0.003302401232700866,-0.0017604772849527661
-0.039794921875,7,0.3881118881118881,0.00335020243006993,0.3901657782776664,0.00335102483850066,-0.0020538901657782827
-0.0396728515625,7,0.3881118881118881,0.00335020243006993,0.3901657782776664,0.00335102483850066,-0.0020538901657782827
-0.03955078125,7,0.3881118881118881,0.00335020243006993,0.3901657782776664,0.00335102483850066,-0.0020538901657782827
-0.039306640625,7,0.3881118881118881,0.00335020243006993,0.3901657782776664,0.00335102483850066,-0.0020538901657782827
-0.0390625,7,0.3881118881118881,0.00335020243006993,0.3901657782776664,0.00335102483850066,-0.0020538901657782827
-0.0384521484375,7,0.3881118881118881,0.00335020243006993,0.3901657782776664,0.00335102483850066,-0.0020538901657782827
-0.037841796875,7,0.3881118881118881,0.00335020243006993,0.3901657782776664,0.00335102483850066,-0.0020538901657782827
-0.0374755859375,7,0.3881118881118881,0.00335020243006993,0.3901657782776664,0.00335102483850066,-0.0020538901657782827
-0.037109375,8,0.3881118881118881,0.0033884958566433566,0.3904591911584918,0.003399648444300455,-0.002347303046603688
-0.0369873046875,8,0.3881118881118881,0.0033884958566433566,0.3904591911584918,0.003399648444300455,-0.002347303046603688
-0.036865234375,8,0.3881118881118881,0.0033884958566433566,0.3904591911584918,0.003399648444300455,-0.002347303046603688
-0.036376953125,8,0.3881118881118881,0.0033884958566433566,0.3904591911584918,0.003399648444300455,-0.002347303046603688
-0.035888671875,9,0.38461538461538464,0.0034230144230769227,0.39075260403931733,0.0034482720501002495,-0.006137219423932694
-0.03564453125,9,0.38461538461538464,0.0034230144230769227,0.39075260403931733,0.0034482720501002495,-0.006137219423932694
-0.035400390625,9,0.38461538461538464,0.0034230144230769227,0.39075260403931733,0.0034482720501002495,-0.006137219423932694
-0.0352783203125,9,0.38461538461538464,0.0034230144230769227,0.39075260403931733,0.0034482720501002495,-0.006137219423932694
-0.03515625,9,0.38461538461538464,0.0034230144230769227,0.39075260403931733,0.0034482720501002495,-0.006137219423932694
-0.0350341796875,9,0.38461538461538464,0.0034230144230769227,0.39075260403931733,0.0034482720501002495,-0.006137219423932694
-0.034912109375,9,0.38461538461538464,0.0034230144230769227,0.39075260403931733,0.0034482720501002495,-0.006137219423932694
-0.03466796875,9,0.38461538461538464,0.0034230144230769227,0.39075260403931733,0.0034482720501002495,-0.006137219423932694
-0.034423828125,9,0.38461538461538464,0.0034230144230769227,0.39075260403931733,0.0034482720501002495,-0.006137219423932694
-0.0341796875,9,0.38461538461538464,0.0034230144230769227,0.39075260403931733,0.0034482720501002495,-0.006137219423932694
-0.033935546875,9,0.38461538461538464,0.0034230144230769227,0.39075260403931733,0.0034482720501002495,-0.006137219423932694
-0.0338134765625,9,0.38461538461538464,0.0034230144230769227,0.39075260403931733,0.0034482720501002495,-0.006137219423932694
-0.03369140625,9,0.38461538461538464,0.0034230144230769227,0.39075260403931733,0.0034482720501002495,-0.006137219423932694
-0.033447265625,9,0.38461538461538464,0.0034230144230769227,0.39075260403931733,0.0034482720501002495,-0.006137219423932694
-0.033203125,9,0.38461538461538464,0.0034230144230769227,0.39075260403931733,0.0034482720501002495,-0.006137219423932694
-0.0330810546875,9,0.38461538461538464,0.0034230144230769227,0.39075260403931733,0.0034482720501002495,-0.006137219423932694
-0.032958984375,9,0.38461538461538464,0.0034230144230769227,0.39075260403931733,0.0034482720501002495,-0.006137219423932694
-0.0325927734375,10,0.38461538461538464,0.0034969549825174823,0.3910460169201428,0.0034968956559000438,-0.006430632304758155
-0.0322265625,12,0.38461538461538464,0.0035572359965034966,0.3916328426817937,0.0035941428674996327,-0.007017458066409077
-0.0321044921875,12,0.38461538461538464,0.0035572359965034966,0.3916328426817937,0.0035941428674996327,-0.007017458066409077
-0.031982421875,12,0.38461538461538464,0.0035572359965034966,0.3916328426817937,0.0035941428674996327,-0.007017458066409077
-0.03173828125,12,0.38461538461538464,0.0035572359965034966,0.3916328426817937,0.0035941428674996327,-0.007017458066409077
-0.031494140625,12,0.38461538461538464,0.0035572359965034966,0.3916328426817937,0.0035941428674996327,-0.007017458066409077
-0.0313720703125,12,0.38461538461538464,0.0035572359965034966,0.3916328426817937,0.0035941428674996327,-0.007017458066409077
-0.03125,12,0.38461538461538464,0.0035572359965034966,0.3916328426817937,0.0035941428674996327,-0.007017458066409077
-0.03118896484375,14,0.38461538461538464,0.003642384388111888,0.39221966844344464,0.003691390079099223,-0.007604283828059999
-0.0311279296875,14,0.38461538461538464,0.003642384388111888,0.39221966844344464,0.003691390079099223,-0.007604283828059999
-0.031005859375,14,0.38461538461538464,0.003642384388111888,0.39221966844344464,0.003691390079099223,-0.007604283828059999
-0.0308837890625,14,0.38461538461538464,0.003642384388111888,0.39221966844344464,0.003691390079099223,-0.007604283828059999
-0.03070068359375,14,0.38461538461538464,0.003642384388111888,0.39221966844344464,0.003691390079099223,-0.007604283828059999
-0.030517578125,15,0.38461538461538464,0.003727221451048951,0.39251308132427015,0.003740013684899017,-0.007897696708885515
-0.03045654296875,15,0.38461538461538464,0.003727221451048951,0.39251308132427015,0.003740013684899017,-0.007897696708885515
-0.0303955078125,15,0.38461538461538464,0.003727221451048951,0.39251308132427015,0.003740013684899017,-0.007897696708885515
-0.03033447265625,16,0.38461538461538464,0.0038057151923076922,0.39280649420509556,0.0037886372906988115,-0.008191109589710921
-0.0302734375,16,0.38461538461538464,0.0038057151923076922,0.39280649420509556,0.0037886372906988115,-0.008191109589710921
-0.03021240234375,16,0.38461538461538464,0.0038057151923076922,0.39280649420509556,0.0037886372906988115,-0.008191109589710921
-0.0301513671875,16,0.38461538461538464,0.0038057151923076922,0.39280649420509556,0.0037886372906988115,-0.008191109589710921
-0.03009033203125,16,0.38461538461538464,0.0038057151923076922,0.39280649420509556,0.0037886372906988115,-0.008191109589710921
-0.030029296875,16,0.38461538461538464,0.0038057151923076922,0.39280649420509556,0.0037886372906988115,-0.008191109589710921
-0.0296630859375,16,0.38461538461538464,0.0038057151923076922,0.39280649420509556,0.0037886372906988115,-0.008191109589710921
-0.029296875,16,0.38461538461538464,0.0038057151923076922,0.39280649420509556,0.0037886372906988115,-0.008191109589710921
-0.02923583984375,17,0.38461538461538464,0.0039204398076923075,0.39309990708592113,0.0038372608964986066,-0.008484522470536493
-0.0291748046875,17,0.38461538461538464,0.0039204398076923075,0.39309990708592113,0.0038372608964986066,-0.008484522470536493
-0.02911376953125,17,0.38461538461538464,0.0039204398076923075,0.39309990708592113,0.0038372608964986066,-0.008484522470536493
-0.029052734375,17,0.38461538461538464,0.0039204398076923075,0.39309990708592113,0.0038372608964986066,-0.008484522470536493
-0.0289306640625,17,0.38461538461538464,0.0039204398076923075,0.39309990708592113,0.0038372608964986066,-0.008484522470536493
-0.02880859375,17,0.38461538461538464,0.0039204398076923075,0.39309990708592113,0.0038372608964986066,-0.008484522470536493
-0.02862548828125,17,0.38461538461538464,0.0039204398076923075,0.39309990708592113,0.0038372608964986066,-0.008484522470536493
-0.0284423828125,17,0.38461538461538464,0.0039204398076923075,0.39309990708592113,0.0038372608964986066,-0.008484522470536493
-0.0281982421875,20,0.38461538461538464,0.004169113583916084,0.39398014572839746,0.00398313171389799,-0.00936476111301282
-0.0279541015625,21,0.38461538461538464,0.004258620576923077,0.3942735586092229,0.0040317553196977845,-0.009658173993838282
-0.02764892578125,22,0.38461538461538464,0.004290765262237762,0.3945669714900484,0.004080378925497579,-0.009951586874663743
-0.02734375,22,0.38461538461538464,0.004290765262237762,0.3945669714900484,0.004080378925497579,-0.009951586874663743
-0.0272216796875,22,0.38461538461538464,0.004290765262237762,0.3945669714900484,0.004080378925497579,-0.009951586874663743
-0.027099609375,22,0.38461538461538464,0.004290765262237762,0.3945669714900484,0.004080378925497579,-0.009951586874663743
-0.02703857421875,23,0.38461538461538464,0.004332911381118881,0.39486038437087384,0.004129002531297374,-0.010244999755489204
-0.0269775390625,23,0.38461538461538464,0.004332911381118881,0.39486038437087384,0.004129002531297374,-0.010244999755489204
-0.02691650390625,23,0.38461538461538464,0.004332911381118881,0.39486038437087384,0.004129002531297374,-0.010244999755489204
-0.02685546875,23,0.38461538461538464,0.004332911381118881,0.39486038437087384,0.004129002531297374,-0.010244999755489204
-0.02667236328125,23,0.38461538461538464,0.004332911381118881,0.39486038437087384,0.004129002531297374,-0.010244999755489204
-0.0264892578125,23,0.38461538461538464,0.004332911381118881,0.39486038437087384,0.004129002531297374,-0.010244999755489204
-0.02642822265625,24,0.38461538461538464,0.004365406311188811,0.39515379725169936,0.004177626137097168,-0.01053841263631472
-0.0263671875,24,0.38461538461538464,0.004365406311188811,0.39515379725169936,0.004177626137097168,-0.01053841263631472
-0.02606201171875,24,0.38461538461538464,0.004365406311188811,0.39515379725169936,0.004177626137097168,-0.01053841263631472
-0.0257568359375,24,0.38461538461538464,0.004365406311188811,0.39515379725169936,0.004177626137097168,-0.01053841263631472
-0.025390625,25,0.38461538461538464,0.0044040499825174825,0.3954472101325248,0.004226249742896963,-0.010831825517140181
-0.0250244140625,26,0.38461538461538464,0.004541774003496504,0.3957406230133503,0.004274873348696758,-0.011125238397965642
-0.02490234375,26,0.38461538461538464,0.004541774003496504,0.3957406230133503,0.004274873348696758,-0.011125238397965642
-0.0247802734375,26,0.38461538461538464,0.004541774003496504,0.3957406230133503,0.004274873348696758,-0.011125238397965642
-0.02471923828125,26,0.38461538461538464,0.004541774003496504,0.3957406230133503,0.004274873348696758,-0.011125238397965642
-0.024658203125,26,0.38461538461538464,0.004541774003496504,0.3957406230133503,0.004274873348696758,-0.011125238397965642
-0.02459716796875,26,0.38461538461538464,0.004541774003496504,0.3957406230133503,0.004274873348696758,-0.011125238397965642
-0.0245361328125,26,0.38461538461538464,0.004541774003496504,0.3957406230133503,0.004274873348696758,-0.011125238397965642
-0.02447509765625,26,0.38461538461538464,0.004541774003496504,0.3957406230133503,0.004274873348696758,-0.011125238397965642
-0.0244140625,26,0.38461538461538464,0.004541774003496504,0.3957406230133503,0.004274873348696758,-0.011125238397965642
-0.02435302734375,26,0.38461538461538464,0.004541774003496504,0.3957406230133503,0.004274873348696758,-0.011125238397965642
-0.0242919921875,26,0.38461538461538464,0.004541774003496504,0.3957406230133503,0.004274873348696758,-0.011125238397965642
-0.02410888671875,26,0.38461538461538464,0.004541774003496504,0.3957406230133503,0.004274873348696758,-0.011125238397965642
-0.02392578125,26,0.38461538461538464,0.004541774003496504,0.3957406230133503,0.004274873348696758,-0.011125238397965642
-0.02386474609375,26,0.38461538461538464,0.004541774003496504,0.3957406230133503,0.004274873348696758,-0.011125238397965642
-0.0238037109375,26,0.38461538461538464,0.004541774003496504,0.3957406230133503,0.004274873348696758,-0.011125238397965642
-0.0233154296875,26,0.38461538461538464,0.004541774003496504,0.3957406230133503,0.004274873348696758,-0.011125238397965642
-0.0228271484375,26,0.38461538461538464,0.004541774003496504,0.3957406230133503,0.004274873348696758,-0.011125238397965642
-0.022705078125,26,0.38461538461538464,0.004541774003496504,0.3957406230133503,0.004274873348696758,-0.011125238397965642
-0.0225830078125,26,0.38461538461538464,0.004541774003496504,0.3957406230133503,0.004274873348696758,-0.011125238397965642
-0.02252197265625,26,0.38461538461538464,0.004541774003496504,0.3957406230133503,0.004274873348696758,-0.011125238397965642
-0.0224609375,26,0.38461538461538464,0.004541774003496504,0.3957406230133503,0.004274873348696758,-0.011125238397965642
-0.02203369140625,26,0.38461538461538464,0.004541774003496504,0.3957406230133503,0.004274873348696758,-0.011125238397965642
-0.0216064453125,27,0.38461538461538464,0.004603728409090909,0.39603403589417574,0.0043234969544965526,-0.011418651278791103
-0.02154541015625,27,0.38461538461538464,0.004603728409090909,0.39603403589417574,0.0043234969544965526,-0.011418651278791103
-0.021484375,27,0.38461538461538464,0.004603728409090909,0.39603403589417574,0.0043234969544965526,-0.011418651278791103
-0.0213623046875,27,0.38461538461538464,0.004603728409090909,0.39603403589417574,0.0043234969544965526,-0.011418651278791103
-0.021240234375,27,0.38461538461538464,0.004603728409090909,0.39603403589417574,0.0043234969544965526,-0.011418651278791103
-0.02117919921875,27,0.38461538461538464,0.004603728409090909,0.39603403589417574,0.0043234969544965526,-0.011418651278791103
-0.0211181640625,27,0.38461538461538464,0.004603728409090909,0.39603403589417574,0.0043234969544965526,-0.011418651278791103
-0.02105712890625,27,0.38461538461538464,0.004603728409090909,0.39603403589417574,0.0043234969544965526,-0.011418651278791103
-0.02099609375,27,0.38461538461538464,0.004603728409090909,0.39603403589417574,0.0043234969544965526,-0.011418651278791103
-0.020751953125,27,0.38461538461538464,0.004603728409090909,0.39603403589417574,0.0043234969544965526,-0.011418651278791103
-0.0205078125,27,0.38461538461538464,0.004603728409090909,0.39603403589417574,0.0043234969544965526,-0.011418651278791103
-0.02032470703125,27,0.38461538461538464,0.004603728409090909,0.39603403589417574,0.0043234969544965526,-0.011418651278791103
-0.0201416015625,27,0.38461538461538464,0.004603728409090909,0.39603403589417574,0.0043234969544965526,-0.011418651278791103
-0.02008056640625,27,0.38461538461538464,0.004603728409090909,0.39603403589417574,0.0043234969544965526,-0.011418651278791103
-0.02001953125,27,0.38461538461538464,0.004603728409090909,0.39603403589417574,0.0043234969544965526,-0.011418651278791103
-0.0198974609375,27,0.38461538461538464,0.004603728409090909,0.39603403589417574,0.0043234969544965526,-0.011418651278791103
-0.019775390625,27,0.38461538461538464,0.004603728409090909,0.39603403589417574,0.0043234969544965526,-0.011418651278791103
-0.0196533203125,27,0.38461538461538464,0.004603728409090909,0.39603403589417574,0.0043234969544965526,-0.011418651278791103
-0.01953125,27,0.38461538461538464,0.004603728409090909,0.39603403589417574,0.0043234969544965526,-0.011418651278791103
-0.019287109375,27,0.38461538461538464,0.004603728409090909,0.39603403589417574,0.0043234969544965526,-0.011418651278791103
-0.01904296875,27,0.38461538461538464,0.004603728409090909,0.39603403589417574,0.0043234969544965526,-0.011418651278791103
-0.0189208984375,27,0.38461538461538464,0.004603728409090909,0.39603403589417574,0.0043234969544965526,-0.011418651278791103
-0.018798828125,27,0.38461538461538464,0.004603728409090909,0.39603403589417574,0.0043234969544965526,-0.011418651278791103
-0.01861572265625,27,0.38461538461538464,0.004603728409090909,0.39603403589417574,0.0043234969544965526,-0.011418651278791103
-0.0184326171875,27,0.38461538461538464,0.004603728409090909,0.39603403589417574,0.0043234969544965526,-0.011418651278791103
-0.01837158203125,27,0.38461538461538464,0.004603728409090909,0.39603403589417574,0.0043234969544965526,-0.011418651278791103
-0.018310546875,27,0.38461538461538464,0.004603728409090909,0.39603403589417574,0.0043234969544965526,-0.011418651278791103
-0.0181884765625,27,0.38461538461538464,0.004603728409090909,0.39603403589417574,0.0043234969544965526,-0.011418651278791103
-0.01806640625,27,0.38461538461538464,0.004603728409090909,0.39603403589417574,0.0043234969544965526,-0.011418651278791103
-0.0179443359375,27,0.38461538461538464,0.004603728409090909,0.39603403589417574,0.0043234969544965526,-0.011418651278791103
-0.017822265625,27,0.38461538461538464,0.004603728409090909,0.39603403589417574,0.0043234969544965526,-0.011418651278791103
-0.0177001953125,27,0.38461538461538464,0.004603728409090909,0.39603403589417574,0.0043234969544965526,-0.011418651278791103
-0.017578125,28,0.38461538461538464,0.004677435472027972,0.3963274487750012,0.004372120560296348,-0.011712064159616564
-0.0174560546875,28,0.38461538461538464,0.004677435472027972,0.3963274487750012,0.004372120560296348,-0.011712064159616564
-0.017333984375,28,0.38461538461538464,0.004677435472027972,0.3963274487750012,0.004372120560296348,-0.011712064159616564
-0.01690673828125,28,0.38461538461538464,0.004677435472027972,0.3963274487750012,0.004372120560296348,-0.011712064159616564
-0.0164794921875,28,0.38461538461538464,0.004677435472027972,0.3963274487750012,0.004372120560296348,-0.011712064159616564
-0.016357421875,28,0.38461538461538464,0.004677435472027972,0.3963274487750012,0.004372120560296348,-0.011712064159616564
-0.0162353515625,28,0.38461538461538464,0.004677435472027972,0.3963274487750012,0.004372120560296348,-0.011712064159616564
-0.01617431640625,28,0.38461538461538464,0.004677435472027972,0.3963274487750012,0.004372120560296348,-0.011712064159616564
-0.01611328125,28,0.38461538461538464,0.004677435472027972,0.3963274487750012,0.004372120560296348,-0.011712064159616564
-0.0159912109375,28,0.38461538461538464,0.004677435472027972,0.3963274487750012,0.004372120560296348,-0.011712064159616564
-0.015869140625,28,0.38461538461538464,0.004677435472027972,0.3963274487750012,0.004372120560296348,-0.011712064159616564
-0.0157470703125,28,0.38461538461538464,0.004677435472027972,0.3963274487750012,0.004372120560296348,-0.011712064159616564
-0.015625,28,0.38461538461538464,0.004677435472027972,0.3963274487750012,0.004372120560296348,-0.011712064159616564
-0.015533447265625,28,0.38461538461538464,0.004677435472027972,0.3963274487750012,0.004372120560296348,-0.011712064159616564
-0.01544189453125,28,0.38461538461538464,0.004677435472027972,0.3963274487750012,0.004372120560296348,-0.011712064159616564
-0.015380859375,28,0.38461538461538464,0.004677435472027972,0.3963274487750012,0.004372120560296348,-0.011712064159616564
-0.01531982421875,28,0.38461538461538464,0.004677435472027972,0.3963274487750012,0.004372120560296348,-0.011712064159616564
-0.015289306640625,28,0.38461538461538464,0.004677435472027972,0.3963274487750012,0.004372120560296348,-0.011712064159616564
-0.0152587890625,28,0.38461538461538464,0.004677435472027972,0.3963274487750012,0.004372120560296348,-0.011712064159616564
-0.015045166015625,29,0.3881118881118881,0.004701057534965035,0.39662086165582666,0.004420744166096141,-0.008508973543938536
-0.01483154296875,29,0.3881118881118881,0.004701057534965035,0.39662086165582666,0.004420744166096141,-0.008508973543938536
-0.014739990234375,29,0.3881118881118881,0.004701057534965035,0.39662086165582666,0.004420744166096141,-0.008508973543938536
-0.0146484375,29,0.3881118881118881,0.004701057534965035,0.39662086165582666,0.004420744166096141,-0.008508973543938536
-0.01458740234375,29,0.3881118881118881,0.004701057534965035,0.39662086165582666,0.004420744166096141,-0.008508973543938536
-0.0145263671875,29,0.3881118881118881,0.004701057534965035,0.39662086165582666,0.004420744166096141,-0.008508973543938536
-0.014495849609375,29,0.3881118881118881,0.004701057534965035,0.39662086165582666,0.004420744166096141,-0.008508973543938536
-0.01446533203125,29,0.3881118881118881,0.004701057534965035,0.39662086165582666,0.004420744166096141,-0.008508973543938536
-0.014129638671875,30,0.3881118881118881,0.0047702503321678325,0.3969142745366522,0.004469367771895937,-0.008802386424764053
-0.0137939453125,31,0.3881118881118881,0.004916613723776224,0.39720768741747764,0.0045179913776957304,-0.009095799305589514
-0.01361083984375,32,0.3881118881118881,0.004937200332167832,0.3975011002983031,0.0045666149834955256,-0.009389212186414975
-0.013427734375,32,0.3881118881118881,0.004937200332167832,0.3975011002983031,0.0045666149834955256,-0.009389212186414975
-0.013397216796875,32,0.3881118881118881,0.004937200332167832,0.3975011002983031,0.0045666149834955256,-0.009389212186414975
-0.01336669921875,32,0.3881118881118881,0.004937200332167832,0.3975011002983031,0.0045666149834955256,-0.009389212186414975
-0.013336181640625,32,0.3881118881118881,0.004937200332167832,0.3975011002983031,0.0045666149834955256,-0.009389212186414975
-0.0133056640625,32,0.3881118881118881,0.004937200332167832,0.3975011002983031,0.0045666149834955256,-0.009389212186414975
-0.01324462890625,32,0.3881118881118881,0.004937200332167832,0.3975011002983031,0.0045666149834955256,-0.009389212186414975
-0.01318359375,32,0.3881118881118881,0.004937200332167832,0.3975011002983031,0.0045666149834955256,-0.009389212186414975
-0.01312255859375,32,0.3881118881118881,0.004937200332167832,0.3975011002983031,0.0045666149834955256,-0.009389212186414975
-0.0130615234375,32,0.3881118881118881,0.004937200332167832,0.3975011002983031,0.0045666149834955256,-0.009389212186414975
-0.012908935546875,32,0.3881118881118881,0.004937200332167832,0.3975011002983031,0.0045666149834955256,-0.009389212186414975
-0.01275634765625,32,0.3881118881118881,0.004937200332167832,0.3975011002983031,0.0045666149834955256,-0.009389212186414975
-0.01239013671875,32,0.3881118881118881,0.004937200332167832,0.3975011002983031,0.0045666149834955256,-0.009389212186414975
-0.01202392578125,32,0.3881118881118881,0.004937200332167832,0.3975011002983031,0.0045666149834955256,-0.009389212186414975
-0.011993408203125,32,0.3881118881118881,0.004937200332167832,0.3975011002983031,0.0045666149834955256,-0.009389212186414975
-0.011962890625,32,0.3881118881118881,0.004937200332167832,0.3975011002983031,0.0045666149834955256,-0.009389212186414975
-0.011810302734375,32,0.3881118881118881,0.004937200332167832,0.3975011002983031,0.0045666149834955256,-0.009389212186414975
-0.01165771484375,32,0.3881118881118881,0.004937200332167832,0.3975011002983031,0.0045666149834955256,-0.009389212186414975
-0.01153564453125,32,0.3881118881118881,0.004937200332167832,0.3975011002983031,0.0045666149834955256,-0.009389212186414975
-0.01141357421875,33,0.3881118881118881,0.004988803059440559,0.3977945131791285,0.00461523858929532,-0.00968262506724038
-0.01123046875,33,0.3881118881118881,0.004988803059440559,0.3977945131791285,0.00461523858929532,-0.00968262506724038
-0.01104736328125,33,0.3881118881118881,0.004988803059440559,0.3977945131791285,0.00461523858929532,-0.00968262506724038
-0.010986328125,33,0.3881118881118881,0.004988803059440559,0.3977945131791285,0.00461523858929532,-0.00968262506724038
-0.01092529296875,33,0.3881118881118881,0.004988803059440559,0.3977945131791285,0.00461523858929532,-0.00968262506724038
-0.010833740234375,33,0.3881118881118881,0.004988803059440559,0.3977945131791285,0.00461523858929532,-0.00968262506724038
-0.0107421875,33,0.3881118881118881,0.004988803059440559,0.3977945131791285,0.00461523858929532,-0.00968262506724038
-0.010711669921875,33,0.3881118881118881,0.004988803059440559,0.3977945131791285,0.00461523858929532,-0.00968262506724038
-0.01068115234375,33,0.3881118881118881,0.004988803059440559,0.3977945131791285,0.00461523858929532,-0.00968262506724038
-0.010650634765625,33,0.3881118881118881,0.004988803059440559,0.3977945131791285,0.00461523858929532,-0.00968262506724038
-0.0106201171875,33,0.3881118881118881,0.004988803059440559,0.3977945131791285,0.00461523858929532,-0.00968262506724038
-0.010345458984375,34,0.3881118881118881,0.005007210367132867,0.398087926059954,0.004663862195095114,-0.009976037948065897
-0.01007080078125,34,0.3881118881118881,0.005007210367132867,0.398087926059954,0.004663862195095114,-0.009976037948065897
-0.010040283203125,34,0.3881118881118881,0.005007210367132867,0.398087926059954,0.004663862195095114,-0.009976037948065897
-0.010009765625,34,0.3881118881118881,0.005007210367132867,0.398087926059954,0.004663862195095114,-0.009976037948065897
-0.009979248046875,34,0.3881118881118881,0.005007210367132867,0.398087926059954,0.004663862195095114,-0.009976037948065897
-0.00994873046875,34,0.3881118881118881,0.005007210367132867,0.398087926059954,0.004663862195095114,-0.009976037948065897
-0.009918212890625,34,0.3881118881118881,0.005007210367132867,0.398087926059954,0.004663862195095114,-0.009976037948065897
-0.0098876953125,34,0.3881118881118881,0.005007210367132867,0.398087926059954,0.004663862195095114,-0.009976037948065897
-0.009857177734375,34,0.3881118881118881,0.005007210367132867,0.398087926059954,0.004663862195095114,-0.009976037948065897
-0.00982666015625,34,0.3881118881118881,0.005007210367132867,0.398087926059954,0.004663862195095114,-0.009976037948065897
-0.009368896484375,34,0.3881118881118881,0.005007210367132867,0.398087926059954,0.004663862195095114,-0.009976037948065897
-0.0089111328125,35,0.3881118881118881,0.005082045996503496,0.3983813389407795,0.004712485800894909,-0.010269450828891358
-0.008697509765625,35,0.3881118881118881,0.005082045996503496,0.3983813389407795,0.004712485800894909,-0.010269450828891358
-0.00848388671875,35,0.3881118881118881,0.005082045996503496,0.3983813389407795,0.004712485800894909,-0.010269450828891358
-0.008453369140625,35,0.3881118881118881,0.005082045996503496,0.3983813389407795,0.004712485800894909,-0.010269450828891358
-0.0084228515625,35,0.3881118881118881,0.005082045996503496,0.3983813389407795,0.004712485800894909,-0.010269450828891358
-0.008392333984375,35,0.3881118881118881,0.005082045996503496,0.3983813389407795,0.004712485800894909,-0.010269450828891358
-0.00836181640625,35,0.3881118881118881,0.005082045996503496,0.3983813389407795,0.004712485800894909,-0.010269450828891358
-0.00823974609375,35,0.3881118881118881,0.005082045996503496,0.3983813389407795,0.004712485800894909,-0.010269450828891358
-0.00811767578125,36,0.3881118881118881,0.005130730017482517,0.398674751821605,0.004761109406694704,-0.010562863709716874
-0.0079498291015625,36,0.3881118881118881,0.005130730017482517,0.398674751821605,0.004761109406694704,-0.010562863709716874
-0.007781982421875,36,0.3881118881118881,0.005130730017482517,0.398674751821605,0.004761109406694704,-0.010562863709716874
-0.0076446533203125,36,0.3881118881118881,0.005130730017482517,0.398674751821605,0.004761109406694704,-0.010562863709716874
-0.00750732421875,36,0.3881118881118881,0.005130730017482517,0.398674751821605,0.004761109406694704,-0.010562863709716874
-0.007354736328125,36,0.3881118881118881,0.005130730017482517,0.398674751821605,0.004761109406694704,-0.010562863709716874
-0.0072021484375,36,0.3881118881118881,0.005130730017482517,0.398674751821605,0.004761109406694704,-0.010562863709716874
-0.00689697265625,36,0.3881118881118881,0.005130730017482517,0.398674751821605,0.004761109406694704,-0.010562863709716874
-0.006591796875,36,0.3881118881118881,0.005130730017482517,0.398674751821605,0.004761109406694704,-0.010562863709716874
-0.0065460205078125,36,0.3881118881118881,0.005130730017482517,0.398674751821605,0.004761109406694704,-0.010562863709716874
-0.006500244140625,36,0.3881118881118881,0.005130730017482517,0.398674751821605,0.004761109406694704,-0.010562863709716874
-0.0064697265625,36,0.3881118881118881,0.005130730017482517,0.398674751821605,0.004761109406694704,-0.010562863709716874
-0.006439208984375,36,0.3881118881118881,0.005130730017482517,0.398674751821605,0.004761109406694704,-0.010562863709716874
-0.0062255859375,36,0.3881118881118881,0.005130730017482517,0.398674751821605,0.004761109406694704,-0.010562863709716874
-0.006011962890625,36,0.3881118881118881,0.005130730017482517,0.398674751821605,0.004761109406694704,-0.010562863709716874
-0.0059967041015625,36,0.3881118881118881,0.005130730017482517,0.398674751821605,0.004761109406694704,-0.010562863709716874
-0.0059814453125,36,0.3881118881118881,0.005130730017482517,0.398674751821605,0.004761109406694704,-0.010562863709716874
-0.005889892578125,36,0.3881118881118881,0.005130730017482517,0.398674751821605,0.004761109406694704,-0.010562863709716874
-0.00579833984375,36,0.3881118881118881,0.005130730017482517,0.398674751821605,0.004761109406694704,-0.010562863709716874
-0.0057830810546875,36,0.3881118881118881,0.005130730017482517,0.398674751821605,0.004761109406694704,-0.010562863709716874
-0.005767822265625,36,0.3881118881118881,0.005130730017482517,0.398674751821605,0.004761109406694704,-0.010562863709716874
-0.005645751953125,37,0.3881118881118881,0.0051832667307692305,0.3989681647024304,0.0048097330124944986,-0.01085627659054228
-0.005523681640625,37,0.3881118881118881,0.0051832667307692305,0.3989681647024304,0.0048097330124944986,-0.01085627659054228
-0.0055084228515625,37,0.3881118881118881,0.0051832667307692305,0.3989681647024304,0.0048097330124944986,-0.01085627659054228
-0.0054931640625,37,0.3881118881118881,0.0051832667307692305,0.3989681647024304,0.0048097330124944986,-0.01085627659054228
-0.0053863525390625,37,0.3881118881118881,0.0051832667307692305,0.3989681647024304,0.0048097330124944986,-0.01085627659054228
-0.005279541015625,37,0.3881118881118881,0.0051832667307692305,0.3989681647024304,0.0048097330124944986,-0.01085627659054228
-0.005157470703125,37,0.3881118881118881,0.0051832667307692305,0.3989681647024304,0.0048097330124944986,-0.01085627659054228
-0.005035400390625,37,0.3881118881118881,0.0051832667307692305,0.3989681647024304,0.0048097330124944986,-0.01085627659054228
-0.004852294921875,38,0.3881118881118881,0.0052209375,0.3992615775832559,0.004858356618294294,-0.011149689471367796
-0.004669189453125,39,0.3881118881118881,0.005244754143356643,0.3995549904640814,0.004906980224094087,-0.011443102352193257
-0.004486083984375,39,0.3881118881118881,0.005244754143356643,0.3995549904640814,0.004906980224094087,-0.011443102352193257
-0.004302978515625,39,0.3881118881118881,0.005244754143356643,0.3995549904640814,0.004906980224094087,-0.011443102352193257
-0.004180908203125,41,0.3916083916083916,0.005381972255244755,0.4001418162257323,0.0050042274356936756,-0.00853342461734069
-0.004058837890625,41,0.3916083916083916,0.005381972255244755,0.4001418162257323,0.0050042274356936756,-0.00853342461734069
-0.0039825439453125,41,0.3916083916083916,0.005381972255244755,0.4001418162257323,0.0050042274356936756,-0.00853342461734069
-0.00390625,41,0.3916083916083916,0.005381972255244755,0.4001418162257323,0.0050042274356936756,-0.00853342461734069
-0.00388336181640625,41,0.3916083916083916,0.005381972255244755,0.4001418162257323,0.0050042274356936756,-0.00853342461734069
-0.0038604736328125,41,0.3916083916083916,0.005381972255244755,0.4001418162257323,0.0050042274356936756,-0.00853342461734069
-0.00373077392578125,41,0.3916083916083916,0.005381972255244755,0.4001418162257323,0.0050042274356936756,-0.00853342461734069
-0.00360107421875,41,0.3916083916083916,0.005381972255244755,0.4001418162257323,0.0050042274356936756,-0.00853342461734069
-0.00350189208984375,41,0.3916083916083916,0.005381972255244755,0.4001418162257323,0.0050042274356936756,-0.00853342461734069
-0.0034027099609375,41,0.3916083916083916,0.005381972255244755,0.4001418162257323,0.0050042274356936756,-0.00853342461734069
-0.00334930419921875,41,0.3916083916083916,0.005381972255244755,0.4001418162257323,0.0050042274356936756,-0.00853342461734069
-0.0032958984375,41,0.3916083916083916,0.005381972255244755,0.4001418162257323,0.0050042274356936756,-0.00853342461734069
-0.0032501220703125,41,0.3916083916083916,0.005381972255244755,0.4001418162257323,0.0050042274356936756,-0.00853342461734069
-0.003204345703125,41,0.3916083916083916,0.005381972255244755,0.4001418162257323,0.0050042274356936756,-0.00853342461734069
-0.00310516357421875,41,0.3916083916083916,0.005381972255244755,0.4001418162257323,0.0050042274356936756,-0.00853342461734069
-0.0030059814453125,41,0.3916083916083916,0.005381972255244755,0.4001418162257323,0.0050042274356936756,-0.00853342461734069
-0.00290679931640625,42,0.3916083916083916,0.005464318688811189,0.40043522910655777,0.0050528510414934715,-0.008826837498166151
-0.0028076171875,42,0.3916083916083916,0.005464318688811189,0.40043522910655777,0.0050528510414934715,-0.008826837498166151
-0.0025634765625,42,0.3916083916083916,0.005464318688811189,0.40043522910655777,0.0050528510414934715,-0.008826837498166151
-0.0023193359375,42,0.3916083916083916,0.005464318688811189,0.40043522910655777,0.0050528510414934715,-0.008826837498166151
-0.0023040771484375,42,0.3916083916083916,0.005464318688811189,0.40043522910655777,0.0050528510414934715,-0.008826837498166151
-0.002288818359375,42,0.3916083916083916,0.005464318688811189,0.40043522910655777,0.0050528510414934715,-0.008826837498166151
-0.0021514892578125,42,0.3916083916083916,0.005464318688811189,0.40043522910655777,0.0050528510414934715,-0.008826837498166151
-0.00201416015625,42,0.3916083916083916,0.005464318688811189,0.40043522910655777,0.0050528510414934715,-0.008826837498166151
-0.0019683837890625,42,0.3916083916083916,0.005464318688811189,0.40043522910655777,0.0050528510414934715,-0.008826837498166151
-0.001922607421875,42,0.3916083916083916,0.005464318688811189,0.40043522910655777,0.0050528510414934715,-0.008826837498166151
-0.001918792724609375,42,0.3916083916083916,0.005464318688811189,0.40043522910655777,0.0050528510414934715,-0.008826837498166151
-0.00191497802734375,42,0.3916083916083916,0.005464318688811189,0.40043522910655777,0.0050528510414934715,-0.008826837498166151
-0.001834869384765625,42,0.3916083916083916,0.005464318688811189,0.40043522910655777,0.0050528510414934715,-0.008826837498166151
-0.0017547607421875,42,0.3916083916083916,0.005464318688811189,0.40043522910655777,0.0050528510414934715,-0.008826837498166151
-0.0017242431640625,42,0.3916083916083916,0.005464318688811189,0.40043522910655777,0.0050528510414934715,-0.008826837498166151
-0.0016937255859375,42,0.3916083916083916,0.005464318688811189,0.40043522910655777,0.0050528510414934715,-0.008826837498166151
-0.001598358154296875,42,0.3916083916083916,0.005464318688811189,0.40043522910655777,0.0050528510414934715,-0.008826837498166151
-0.00150299072265625,43,0.3916083916083916,0.0056059343181818185,0.4007286419873832,0.005101474647293266,-0.009120250378991612
-0.001422882080078125,43,0.3916083916083916,0.0056059343181818185,0.4007286419873832,0.005101474647293266,-0.009120250378991612
-0.0013427734375,43,0.3916083916083916,0.0056059343181818185,0.4007286419873832,0.005101474647293266,-0.009120250378991612
-0.00130462646484375,43,0.3916083916083916,0.0056059343181818185,0.4007286419873832,0.005101474647293266,-0.009120250378991612
-0.0012664794921875,43,0.3916083916083916,0.0056059343181818185,0.4007286419873832,0.005101474647293266,-0.009120250378991612
-0.0010662078857421875,43,0.3916083916083916,0.0056059343181818185,0.4007286419873832,0.005101474647293266,-0.009120250378991612
-0.000865936279296875,43,0.3916083916083916,0.0056059343181818185,0.4007286419873832,0.005101474647293266,-0.009120250378991612
-0.0008258819580078125,43,0.3916083916083916,0.0056059343181818185,0.4007286419873832,0.005101474647293266,-0.009120250378991612
-0.00078582763671875,43,0.3916083916083916,0.0056059343181818185,0.4007286419873832,0.005101474647293266,-0.009120250378991612
-0.0005035400390625,45,0.3951048951048951,0.005848615017482518,0.40131546774903415,0.005198721858892855,-0.006210572644139045
-0.00022125244140625,45,0.3951048951048951,0.005848615017482518,0.40131546774903415,0.005198721858892855,-0.006210572644139045
-0.00020933151245117188,45,0.3951048951048951,0.005848615017482518,0.40131546774903415,0.005198721858892855,-0.006210572644139045
-0.00019741058349609375,45,0.3951048951048951,0.005848615017482518,0.40131546774903415,0.005198721858892855,-0.006210572644139045
-0.00018739700317382812,45,0.3951048951048951,0.005848615017482518,0.40131546774903415,0.005198721858892855,-0.006210572644139045
-0.0001773834228515625,45,0.3951048951048951,0.005848615017482518,0.40131546774903415,0.005198721858892855,-0.006210572644139045
-3.4809112548828125e-05,45,0.3951048951048951,0.005848615017482518,0.40131546774903415,0.005198721858892855,-0.006210572644139045
0,45,0.3951048951048951,0.005848615017482518,0.40131546774903415,0.005198721858892855,-0.006210572644139045
0.00010776519775390625,46,0.3986013986013986,0.005860056346153847,0.4016088806298596,0.00524734546469265,-0.003007482028461017
0.00016307830810546875,46,0.3986013986013986,0.005860056346153847,0.4016088806298596,0.00524734546469265,-0.003007482028461017
0.00021839141845703125,46,0.3986013986013986,0.005860056346153847,0.4016088806298596,0.00524734546469265,-0.003007482028461017
0.0003161430358886719,46,0.3986013986013986,0.005860056346153847,0.4016088806298596,0.00524734546469265,-0.003007482028461017
0.0004138946533203125,47,0.3986013986013986,0.005901579807692308,0.4019022935106851,0.0052959690704924445,-0.0033008949092865336
0.0005636215209960938,47,0.3986013986013986,0.005901579807692308,0.4019022935106851,0.0052959690704924445,-0.0033008949092865336
0.000713348388671875,47,0.3986013986013986,0.005901579807692308,0.4019022935106851,0.0052959690704924445,-0.0033008949092865336
0.000732421875,47,0.3986013986013986,0.005901579807692308,0.4019022935106851,0.0052959690704924445,-0.0033008949092865336
0.000751495361328125,47,0.3986013986013986,0.005901579807692308,0.4019022935106851,0.0052959690704924445,-0.0033008949092865336
0.0008869171142578125,47,0.3986013986013986,0.005901579807692308,0.4019022935106851,0.0052959690704924445,-0.0033008949092865336
0.0010223388671875,47,0.3986013986013986,0.005901579807692308,0.4019022935106851,0.0052959690704924445,-0.0033008949092865336
0.00103759765625,47,0.3986013986013986,0.005901579807692308,0.4019022935106851,0.0052959690704924445,-0.0033008949092865336
0.0010528564453125,47,0.3986013986013986,0.005901579807692308,0.4019022935106851,0.0052959690704924445,-0.0033008949092865336
0.0010833740234375,47,0.3986013986013986,0.005901579807692308,0.4019022935106851,0.0052959690704924445,-0.0033008949092865336
0.0011138916015625,47,0.3986013986013986,0.005901579807692308,0.4019022935106851,0.0052959690704924445,-0.0033008949092865336
0.00131988525390625,47,0.3986013986013986,0.005901579807692308,0.4019022935106851,0.0052959690704924445,-0.0033008949092865336
0.00152587890625,47,0.3986013986013986,0.005901579807692308,0.4019022935106851,0.0052959690704924445,-0.0033008949092865336
0.001712799072265625,47,0.3986013986013986,0.005901579807692308,0.4019022935106851,0.0052959690704924445,-0.0033008949092865336
0.00189971923828125,48,0.4020979020979021,0.00594886284965035,0.4021957063915106,0.00534459267629224,-9.780429360850551e-05
0.001934051513671875,48,0.4020979020979021,0.00594886284965035,0.4021957063915106,0.00534459267629224,-9.780429360850551e-05
0.0019683837890625,48,0.4020979020979021,0.00594886284965035,0.4021957063915106,0.00534459267629224,-9.780429360850551e-05
0.00197601318359375,48,0.4020979020979021,0.00594886284965035,0.4021957063915106,0.00534459267629224,-9.780429360850551e-05
0.001983642578125,48,0.4020979020979021,0.00594886284965035,0.4021957063915106,0.00534459267629224,-9.780429360850551e-05
0.00202178955078125,48,0.4020979020979021,0.00594886284965035,0.4021957063915106,0.00534459267629224,-9.780429360850551e-05
0.0020599365234375,48,0.4020979020979021,0.00594886284965035,0.4021957063915106,0.00534459267629224,-9.780429360850551e-05
0.0020751953125,48,0.4020979020979021,0.00594886284965035,0.4021957063915106,0.00534459267629224,-9.780429360850551e-05
0.0020904541015625,48,0.4020979020979021,0.00594886284965035,0.4021957063915106,0.00534459267629224,-9.780429360850551e-05
0.0022430419921875,48,0.4020979020979021,0.00594886284965035,0.4021957063915106,0.00534459267629224,-9.780429360850551e-05
0.0023956298828125,48,0.4020979020979021,0.00594886284965035,0.4021957063915106,0.00534459267629224,-9.780429360850551e-05
0.00261688232421875,48,0.4020979020979021,0.00594886284965035,0.4021957063915106,0.00534459267629224,-9.780429360850551e-05
0.002838134765625,48,0.4020979020979021,0.00594886284965035,0.4021957063915106,0.00534459267629224,-9.780429360850551e-05
0.00292205810546875,48,0.4020979020979021,0.00594886284965035,0.4021957063915106,0.00534459267629224,-9.780429360850551e-05
0.0030059814453125,48,0.4020979020979021,0.00594886284965035,0.4021957063915106,0.00534459267629224,-9.780429360850551e-05
0.00311279296875,48,0.4020979020979021,0.00594886284965035,0.4021957063915106,0.00534459267629224,-9.780429360850551e-05
0.0032196044921875,48,0.4020979020979021,0.00594886284965035,0.4021957063915106,0.00534459267629224,-9.780429360850551e-05
0.00328826904296875,48,0.4020979020979021,0.00594886284965035,0.4021957063915106,0.00534459267629224,-9.780429360850551e-05
0.00335693359375,48,0.4020979020979021,0.00594886284965035,0.4021957063915106,0.00534459267629224,-9.780429360850551e-05
0.00339508056640625,48,0.4020979020979021,0.00594886284965035,0.4021957063915106,0.00534459267629224,-9.780429360850551e-05
0.0034332275390625,48,0.4020979020979021,0.00594886284965035,0.4021957063915106,0.00534459267629224,-9.780429360850551e-05
0.00347137451171875,49,0.4020979020979021,0.005994083339160839,0.4024891192723361,0.005393216282092034,-0.00039121717443402204
0.003509521484375,49,0.4020979020979021,0.005994083339160839,0.4024891192723361,0.005393216282092034,-0.00039121717443402204
0.00351715087890625,49,0.4020979020979021,0.005994083339160839,0.4024891192723361,0.005393216282092034,-0.00039121717443402204
0.0035247802734375,49,0.4020979020979021,0.005994083339160839,0.4024891192723361,0.005393216282092034,-0.00039121717443402204
0.00354766845703125,49,0.4020979020979021,0.005994083339160839,0.4024891192723361,0.005393216282092034,-0.00039121717443402204
0.003570556640625,49,0.4020979020979021,0.005994083339160839,0.4024891192723361,0.005393216282092034,-0.00039121717443402204
0.003692626953125,49,0.4020979020979021,0.005994083339160839,0.4024891192723361,0.005393216282092034,-0.00039121717443402204
0.003814697265625,49,0.4020979020979021,0.005994083339160839,0.4024891192723361,0.005393216282092034,-0.00039121717443402204
0.0040283203125,49,0.4020979020979021,0.005994083339160839,0.4024891192723361,0.005393216282092034,-0.00039121717443402204
0.004241943359375,49,0.4020979020979021,0.005994083339160839,0.4024891192723361,0.005393216282092034,-0.00039121717443402204
0.0043487548828125,49,0.4020979020979021,0.005994083339160839,0.4024891192723361,0.005393216282092034,-0.00039121717443402204
0.00445556640625,49,0.4020979020979021,0.005994083339160839,0.4024891192723361,0.005393216282092034,-0.00039121717443402204
0.0045318603515625,49,0.4020979020979021,0.005994083339160839,0.4024891192723361,0.005393216282092034,-0.00039121717443402204
0.004608154296875,50,0.4020979020979021,0.006033077255244755,0.40278253215316157,0.005441839887891828,-0.0006846300552594831
0.0046234130859375,50,0.4020979020979021,0.006033077255244755,0.40278253215316157,0.005441839887891828,-0.0006846300552594831
0.004638671875,50,0.4020979020979021,0.006033077255244755,0.40278253215316157,0.005441839887891828,-0.0006846300552594831
0.004730224609375,50,0.4020979020979021,0.006033077255244755,0.40278253215316157,0.005441839887891828,-0.0006846300552594831
0.00482177734375,50,0.4020979020979021,0.006033077255244755,0.40278253215316157,0.005441839887891828,-0.0006846300552594831
0.004913330078125,50,0.4020979020979021,0.006033077255244755,0.40278253215316157,0.005441839887891828,-0.0006846300552594831
0.0050048828125,50,0.4020979020979021,0.006033077255244755,0.40278253215316157,0.005441839887891828,-0.0006846300552594831
0.0050506591796875,50,0.4020979020979021,0.006033077255244755,0.40278253215316157,0.005441839887891828,-0.0006846300552594831
0.005096435546875,50,0.4020979020979021,0.006033077255244755,0.40278253215316157,0.005441839887891828,-0.0006846300552594831
0.00518798828125,50,0.4020979020979021,0.006033077255244755,0.40278253215316157,0.005441839887891828,-0.0006846300552594831
0.005279541015625,50,0.4020979020979021,0.006033077255244755,0.40278253215316157,0.005441839887891828,-0.0006846300552594831
0.0052947998046875,50,0.4020979020979021,0.006033077255244755,0.40278253215316157,0.005441839887891828,-0.0006846300552594831
0.00531005859375,50,0.4020979020979021,0.006033077255244755,0.40278253215316157,0.005441839887891828,-0.0006846300552594831
0.0054931640625,50,0.4020979020979021,0.006033077255244755,0.40278253215316157,0.005441839887891828,-0.0006846300552594831
0.00567626953125,50,0.4020979020979021,0.006033077255244755,0.40278253215316157,0.005441839887891828,-0.0006846300552594831
0.005706787109375,50,0.4020979020979021,0.006033077255244755,0.40278253215316157,0.005441839887891828,-0.0006846300552594831
0.0057373046875,50,0.4020979020979021,0.006033077255244755,0.40278253215316157,0.005441839887891828,-0.0006846300552594831
0.006011962890625,51,0.4020979020979021,0.006136088129370629,0.40307594503398697,0.005490463493691624,-0.0009780429360848886
0.00628662109375,51,0.4020979020979021,0.006136088129370629,0.40307594503398697,0.005490463493691624,-0.0009780429360848886
0.0063323974609375,51,0.4020979020979021,0.006136088129370629,0.40307594503398697,0.005490463493691624,-0.0009780429360848886
0.006378173828125,51,0.4020979020979021,0.006136088129370629,0.40307594503398697,0.005490463493691624,-0.0009780429360848886
0.0064544677734375,51,0.4020979020979021,0.006136088129370629,0.40307594503398697,0.005490463493691624,-0.0009780429360848886
0.00653076171875,51,0.4020979020979021,0.006136088129370629,0.40307594503398697,0.005490463493691624,-0.0009780429360848886
0.0066375732421875,51,0.4020979020979021,0.006136088129370629,0.40307594503398697,0.005490463493691624,-0.0009780429360848886
0.006744384765625,51,0.4020979020979021,0.006136088129370629,0.40307594503398697,0.005490463493691624,-0.0009780429360848886
0.0067596435546875,51,0.4020979020979021,0.006136088129370629,0.40307594503398697,0.005490463493691624,-0.0009780429360848886
0.00677490234375,51,0.4020979020979021,0.006136088129370629,0.40307594503398697,0.005490463493691624,-0.0009780429360848886
0.0070343017578125,51,0.4020979020979021,0.006136088129370629,0.40307594503398697,0.005490463493691624,-0.0009780429360848886
0.007293701171875,51,0.4020979020979021,0.006136088129370629,0.40307594503398697,0.005490463493691624,-0.0009780429360848886
0.0074920654296875,51,0.4020979020979021,0.006136088129370629,0.40307594503398697,0.005490463493691624,-0.0009780429360848886
0.0076904296875,51,0.4020979020979021,0.006136088129370629,0.40307594503398697,0.005490463493691624,-0.0009780429360848886
0.0078125,51,0.4020979020979021,0.006136088129370629,0.40307594503398697,0.005490463493691624,-0.0009780429360848886
0.0079345703125,51,0.4020979020979021,0.006136088129370629,0.40307594503398697,0.005490463493691624,-0.0009780429360848886
0.008026123046875,51,0.4020979020979021,0.006136088129370629,0.40307594503398697,0.005490463493691624,-0.0009780429360848886
0.00811767578125,51,0.4020979020979021,0.006136088129370629,0.40307594503398697,0.005490463493691624,-0.0009780429360848886
0.008148193359375,51,0.4020979020979021,0.006136088129370629,0.40307594503398697,0.005490463493691624,-0.0009780429360848886
0.0081787109375,51,0.4020979020979021,0.006136088129370629,0.40307594503398697,0.005490463493691624,-0.0009780429360848886
0.00823974609375,51,0.4020979020979021,0.006136088129370629,0.40307594503398697,0.005490463493691624,-0.0009780429360848886
0.00830078125,52,0.4020979020979021,0.0062491004370629375,0.40336935791481243,0.005539087099491418,-0.0012714558169103496
0.00836181640625,52,0.4020979020979021,0.0062491004370629375,0.40336935791481243,0.005539087099491418,-0.0012714558169103496
0.0084228515625,52,0.4020979020979021,0.0062491004370629375,0.40336935791481243,0.005539087099491418,-0.0012714558169103496
0.00848388671875,52,0.4020979020979021,0.0062491004370629375,0.40336935791481243,0.005539087099491418,-0.0012714558169103496
0.008544921875,52,0.4020979020979021,0.0062491004370629375,0.40336935791481243,0.005539087099491418,-0.0012714558169103496
0.008880615234375,53,0.4020979020979021,0.0063198887937062935,0.40366277079563795,0.005587710705291212,-0.0015648686977358661
0.00921630859375,53,0.4020979020979021,0.0063198887937062935,0.40366277079563795,0.005587710705291212,-0.0015648686977358661
0.009552001953125,54,0.4020979020979021,0.0063872914510489515,0.4039561836764634,0.005636334311091007,-0.0018582815785613271
0.0098876953125,54,0.4020979020979021,0.0063872914510489515,0.4039561836764634,0.005636334311091007,-0.0018582815785613271
0.009918212890625,54,0.4020979020979021,0.0063872914510489515,0.4039561836764634,0.005636334311091007,-0.0018582815785613271
0.00994873046875,54,0.4020979020979021,0.0063872914510489515,0.4039561836764634,0.005636334311091007,-0.0018582815785613271
0.009979248046875,54,0.4020979020979021,0.0063872914510489515,0.4039561836764634,0.005636334311091007,-0.0018582815785613271
0.010009765625,54,0.4020979020979021,0.0063872914510489515,0.4039561836764634,0.005636334311091007,-0.0018582815785613271
0.010040283203125,54,0.4020979020979021,0.0063872914510489515,0.4039561836764634,0.005636334311091007,-0.0018582815785613271
0.01007080078125,54,0.4020979020979021,0.0063872914510489515,0.4039561836764634,0.005636334311091007,-0.0018582815785613271
0.010223388671875,55,0.4020979020979021,0.006474813723776223,0.4042495965572889,0.005684957916890801,-0.0021516944593868437
0.0103759765625,55,0.4020979020979021,0.006474813723776223,0.4042495965572889,0.005684957916890801,-0.0021516944593868437
0.010406494140625,55,0.4020979020979021,0.006474813723776223,0.4042495965572889,0.005684957916890801,-0.0021516944593868437
0.01043701171875,55,0.4020979020979021,0.006474813723776223,0.4042495965572889,0.005684957916890801,-0.0021516944593868437
0.011260986328125,55,0.4020979020979021,0.006474813723776223,0.4042495965572889,0.005684957916890801,-0.0021516944593868437
0.0120849609375,56,0.4020979020979021,0.006562063583916085,0.40454300943811433,0.005733581522690595,-0.002445107340212249
0.01214599609375,56,0.4020979020979021,0.006562063583916085,0.40454300943811433,0.005733581522690595,-0.002445107340212249
0.01220703125,56,0.4020979020979021,0.006562063583916085,0.40454300943811433,0.005733581522690595,-0.002445107340212249
0.012298583984375,56,0.4020979020979021,0.006562063583916085,0.40454300943811433,0.005733581522690595,-0.002445107340212249
0.01239013671875,56,0.4020979020979021,0.006562063583916085,0.40454300943811433,0.005733581522690595,-0.002445107340212249
0.012420654296875,56,0.4020979020979021,0.006562063583916085,0.40454300943811433,0.005733581522690595,-0.002445107340212249
0.012451171875,56,0.4020979020979021,0.006562063583916085,0.40454300943811433,0.005733581522690595,-0.002445107340212249
0.0125732421875,56,0.4020979020979021,0.006562063583916085,0.40454300943811433,0.005733581522690595,-0.002445107340212249
0.0126953125,56,0.4020979020979021,0.006562063583916085,0.40454300943811433,0.005733581522690595,-0.002445107340212249
0.01275634765625,56,0.4020979020979021,0.006562063583916085,0.40454300943811433,0.005733581522690595,-0.002445107340212249
0.0128173828125,56,0.4020979020979021,0.006562063583916085,0.40454300943811433,0.005733581522690595,-0.002445107340212249
0.012908935546875,56,0.4020979020979021,0.006562063583916085,0.40454300943811433,0.005733581522690595,-0.002445107340212249
0.01300048828125,56,0.4020979020979021,0.006562063583916085,0.40454300943811433,0.005733581522690595,-0.002445107340212249
0.013275146484375,57,0.4020979020979021,0.0066389228496503494,0.40483642231893985,0.00578220512849039,-0.0027385202210377657
0.0135498046875,57,0.4020979020979021,0.0066389228496503494,0.40483642231893985,0.00578220512849039,-0.0027385202210377657
0.0137939453125,57,0.4020979020979021,0.0066389228496503494,0.40483642231893985,0.00578220512849039,-0.0027385202210377657
0.0140380859375,58,0.4020979020979021,0.006764310472027971,0.4051298351997652,0.005830828734290185,-0.0030319331018631157
0.014068603515625,58,0.4020979020979021,0.006764310472027971,0.4051298351997652,0.005830828734290185,-0.0030319331018631157
0.01409912109375,58,0.4020979020979021,0.006764310472027971,0.4051298351997652,0.005830828734290185,-0.0030319331018631157
0.014251708984375,58,0.4020979020979021,0.006764310472027971,0.4051298351997652,0.005830828734290185,-0.0030319331018631157
0.014404296875,58,0.4020979020979021,0.006764310472027971,0.4051298351997652,0.005830828734290185,-0.0030319331018631157
0.01446533203125,58,0.4020979020979021,0.006764310472027971,0.4051298351997652,0.005830828734290185,-0.0030319331018631157
0.0145263671875,59,0.4020979020979021,0.006801319667832167,0.40542324808059077,0.00587945234008998,-0.0033253459826886878
0.014617919921875,59,0.4020979020979021,0.006801319667832167,0.40542324808059077,0.00587945234008998,-0.0033253459826886878
0.01470947265625,59,0.4020979020979021,0.006801319667832167,0.40542324808059077,0.00587945234008998,-0.0033253459826886878
0.01483154296875,59,0.4020979020979021,0.006801319667832167,0.40542324808059077,0.00587945234008998,-0.0033253459826886878
0.01495361328125,59,0.4020979020979021,0.006801319667832167,0.40542324808059077,0.00587945234008998,-0.0033253459826886878
0.015045166015625,59,0.4020979020979021,0.006801319667832167,0.40542324808059077,0.00587945234008998,-0.0033253459826886878
0.01513671875,59,0.4020979020979021,0.006801319667832167,0.40542324808059077,0.00587945234008998,-0.0033253459826886878
0.0157470703125,59,0.4020979020979021,0.006801319667832167,0.40542324808059077,0.00587945234008998,-0.0033253459826886878
0.016357421875,59,0.4020979020979021,0.006801319667832167,0.40542324808059077,0.00587945234008998,-0.0033253459826886878
0.01641845703125,59,0.4020979020979021,0.006801319667832167,0.40542324808059077,0.00587945234008998,-0.0033253459826886878
0.0164794921875,59,0.4020979020979021,0.006801319667832167,0.40542324808059077,0.00587945234008998,-0.0033253459826886878
0.01654052734375,59,0.4020979020979021,0.006801319667832167,0.40542324808059077,0.00587945234008998,-0.0033253459826886878
0.0166015625,59,0.4020979020979021,0.006801319667832167,0.40542324808059077,0.00587945234008998,-0.0033253459826886878
0.0167236328125,59,0.4020979020979021,0.006801319667832167,0.40542324808059077,0.00587945234008998,-0.0033253459826886878
0.016845703125,59,0.4020979020979021,0.006801319667832167,0.40542324808059077,0.00587945234008998,-0.0033253459826886878
0.01690673828125,60,0.4020979020979021,0.006827782604895105,0.40571666096141623,0.005928075945889774,-0.0036187588635141488
0.0169677734375,60,0.4020979020979021,0.006827782604895105,0.40571666096141623,0.005928075945889774,-0.0036187588635141488
0.01702880859375,61,0.4020979020979021,0.006850392849650349,0.4060100738422417,0.005976699551689568,-0.00391217174433961
0.01708984375,61,0.4020979020979021,0.006850392849650349,0.4060100738422417,0.005976699551689568,-0.00391217174433961
0.01715087890625,61,0.4020979020979021,0.006850392849650349,0.4060100738422417,0.005976699551689568,-0.00391217174433961
0.0172119140625,61,0.4020979020979021,0.006850392849650349,0.4060100738422417,0.005976699551689568,-0.00391217174433961
0.017333984375,61,0.4020979020979021,0.006850392849650349,0.4060100738422417,0.005976699551689568,-0.00391217174433961
0.0174560546875,62,0.40559440559440557,0.006896936486013985,0.40630348672306715,0.0060253231574893635,-0.0007090811286615817
0.01763916015625,62,0.40559440559440557,0.006896936486013985,0.40630348672306715,0.0060253231574893635,-0.0007090811286615817
0.017822265625,63,0.40559440559440557,0.0070085088986013965,0.40659689960389256,0.006073946763289159,-0.0010024940094869872
0.01788330078125,63,0.40559440559440557,0.0070085088986013965,0.40659689960389256,0.006073946763289159,-0.0010024940094869872
0.0179443359375,63,0.40559440559440557,0.0070085088986013965,0.40659689960389256,0.006073946763289159,-0.0010024940094869872
0.01800537109375,63,0.40559440559440557,0.0070085088986013965,0.40659689960389256,0.006073946763289159,-0.0010024940094869872
0.01806640625,63,0.40559440559440557,0.0070085088986013965,0.40659689960389256,0.006073946763289159,-0.0010024940094869872
0.01837158203125,63,0.40559440559440557,0.0070085088986013965,0.40659689960389256,0.006073946763289159,-0.0010024940094869872
0.0186767578125,63,0.40559440559440557,0.0070085088986013965,0.40659689960389256,0.006073946763289159,-0.0010024940094869872
0.018798828125,63,0.40559440559440557,0.0070085088986013965,0.40659689960389256,0.006073946763289159,-0.0010024940094869872
0.0189208984375,65,0.40559440559440557,0.007149540786713286,0.4071837253655435,0.006171193974888748,-0.0015893197711379092
0.01898193359375,65,0.40559440559440557,0.007149540786713286,0.4071837253655435,0.006171193974888748,-0.0015893197711379092
0.01904296875,65,0.40559440559440557,0.007149540786713286,0.4071837253655435,0.006171193974888748,-0.0015893197711379092
0.01910400390625,65,0.40559440559440557,0.007149540786713286,0.4071837253655435,0.006171193974888748,-0.0015893197711379092
0.0191650390625,65,0.40559440559440557,0.007149540786713286,0.4071837253655435,0.006171193974888748,-0.0015893197711379092
0.019287109375,65,0.40559440559440557,0.007149540786713286,0.4071837253655435,0.006171193974888748,-0.0015893197711379092
0.0194091796875,65,0.40559440559440557,0.007149540786713286,0.4071837253655435,0.006171193974888748,-0.0015893197711379092
0.01959228515625,65,0.40559440559440557,0.007149540786713286,0.4071837253655435,0.006171193974888748,-0.0015893197711379092
0.019775390625,66,0.40559440559440557,0.007196201171328669,0.40747713824636905,0.006219817580688542,-0.0018827326519634813
0.01983642578125,66,0.40559440559440557,0.007196201171328669,0.40747713824636905,0.006219817580688542,-0.0018827326519634813
0.0198974609375,66,0.40559440559440557,0.007196201171328669,0.40747713824636905,0.006219817580688542,-0.0018827326519634813
0.01995849609375,66,0.40559440559440557,0.007196201171328669,0.40747713824636905,0.006219817580688542,-0.0018827326519634813
0.02001953125,66,0.40559440559440557,0.007196201171328669,0.40747713824636905,0.006219817580688542,-0.0018827326519634813
0.02008056640625,66,0.40559440559440557,0.007196201171328669,0.40747713824636905,0.006219817580688542,-0.0018827326519634813
0.0201416015625,66,0.40559440559440557,0.007196201171328669,0.40747713824636905,0.006219817580688542,-0.0018827326519634813
0.020263671875,66,0.40559440559440557,0.007196201171328669,0.40747713824636905,0.006219817580688542,-0.0018827326519634813
0.0203857421875,66,0.40559440559440557,0.007196201171328669,0.40747713824636905,0.006219817580688542,-0.0018827326519634813
0.0205078125,66,0.40559440559440557,0.007196201171328669,0.40747713824636905,0.006219817580688542,-0.0018827326519634813
0.0206298828125,66,0.40559440559440557,0.007196201171328669,0.40747713824636905,0.006219817580688542,-0.0018827326519634813
0.020751953125,66,0.40559440559440557,0.007196201171328669,0.40747713824636905,0.006219817580688542,-0.0018827326519634813
0.0208740234375,66,0.40559440559440557,0.007196201171328669,0.40747713824636905,0.006219817580688542,-0.0018827326519634813
0.02093505859375,66,0.40559440559440557,0.007196201171328669,0.40747713824636905,0.006219817580688542,-0.0018827326519634813
0.02099609375,66,0.40559440559440557,0.007196201171328669,0.40747713824636905,0.006219817580688542,-0.0018827326519634813
0.02105712890625,67,0.40559440559440557,0.00724173298951049,0.40777055112719446,0.0062684411864883365,-0.0021761455327888868
0.0211181640625,67,0.40559440559440557,0.00724173298951049,0.40777055112719446,0.0062684411864883365,-0.0021761455327888868
0.021484375,67,0.40559440559440557,0.00724173298951049,0.40777055112719446,0.0062684411864883365,-0.0021761455327888868
0.0218505859375,67,0.40559440559440557,0.00724173298951049,0.40777055112719446,0.0062684411864883365,-0.0021761455327888868
0.02197265625,67,0.40559440559440557,0.00724173298951049,0.40777055112719446,0.0062684411864883365,-0.0021761455327888868
0.0220947265625,67,0.40559440559440557,0.00724173298951049,0.40777055112719446,0.0062684411864883365,-0.0021761455327888868
0.02215576171875,67,0.40559440559440557,0.00724173298951049,0.40777055112719446,0.0062684411864883365,-0.0021761455327888868
0.022216796875,67,0.40559440559440557,0.00724173298951049,0.40777055112719446,0.0062684411864883365,-0.0021761455327888868
0.0223388671875,67,0.40559440559440557,0.00724173298951049,0.40777055112719446,0.0062684411864883365,-0.0021761455327888868
0.0224609375,67,0.40559440559440557,0.00724173298951049,0.40777055112719446,0.0062684411864883365,-0.0021761455327888868
0.02252197265625,67,0.40559440559440557,0.00724173298951049,0.40777055112719446,0.0062684411864883365,-0.0021761455327888868
0.0225830078125,67,0.40559440559440557,0.00724173298951049,0.40777055112719446,0.0062684411864883365,-0.0021761455327888868
0.02264404296875,67,0.40559440559440557,0.00724173298951049,0.40777055112719446,0.0062684411864883365,-0.0021761455327888868
0.022705078125,67,0.40559440559440557,0.00724173298951049,0.40777055112719446,0.0062684411864883365,-0.0021761455327888868
0.02276611328125,67,0.40559440559440557,0.00724173298951049,0.40777055112719446,0.0062684411864883365,-0.0021761455327888868
0.0228271484375,67,0.40559440559440557,0.00724173298951049,0.40777055112719446,0.0062684411864883365,-0.0021761455327888868
0.02288818359375,68,0.40559440559440557,0.007273099353146851,0.40806396400802,0.006317064792288132,-0.0024695584136144033
0.02294921875,68,0.40559440559440557,0.007273099353146851,0.40806396400802,0.006317064792288132,-0.0024695584136144033
0.0230712890625,68,0.40559440559440557,0.007273099353146851,0.40806396400802,0.006317064792288132,-0.0024695584136144033
0.023193359375,68,0.40559440559440557,0.007273099353146851,0.40806396400802,0.006317064792288132,-0.0024695584136144033
0.0233154296875,68,0.40559440559440557,0.007273099353146851,0.40806396400802,0.006317064792288132,-0.0024695584136144033
0.0234375,68,0.40559440559440557,0.007273099353146851,0.40806396400802,0.006317064792288132,-0.0024695584136144033
0.02374267578125,70,0.40559440559440557,0.007328009947552447,0.4086507897696709,0.006414312003887721,-0.0030563841752653254
0.0240478515625,70,0.40559440559440557,0.007328009947552447,0.4086507897696709,0.006414312003887721,-0.0030563841752653254
0.02423095703125,70,0.40559440559440557,0.007328009947552447,0.4086507897696709,0.006414312003887721,-0.0030563841752653254
0.0244140625,71,0.40559440559440557,0.007397552989510489,0.40894420265049636,0.006462935609687515,-0.0033497970560907864
0.02447509765625,71,0.40559440559440557,0.007397552989510489,0.40894420265049636,0.006462935609687515,-0.0033497970560907864
0.0245361328125,71,0.40559440559440557,0.007397552989510489,0.40894420265049636,0.006462935609687515,-0.0033497970560907864
0.02471923828125,71,0.40559440559440557,0.007397552989510489,0.40894420265049636,0.006462935609687515,-0.0033497970560907864
0.02490234375,71,0.40559440559440557,0.007397552989510489,0.40894420265049636,0.006462935609687515,-0.0033497970560907864
0.02508544921875,71,0.40559440559440557,0.007397552989510489,0.40894420265049636,0.006462935609687515,-0.0033497970560907864
0.0252685546875,71,0.40559440559440557,0.007397552989510489,0.40894420265049636,0.006462935609687515,-0.0033497970560907864
0.02532958984375,72,0.40559440559440557,0.007433550367132866,0.4092376155313218,0.0065115592154873095,-0.0036432099369162474
0.025390625,72,0.40559440559440557,0.007433550367132866,0.4092376155313218,0.0065115592154873095,-0.0036432099369162474
0.02545166015625,72,0.40559440559440557,0.007433550367132866,0.4092376155313218,0.0065115592154873095,-0.0036432099369162474
0.0255126953125,72,0.40559440559440557,0.007433550367132866,0.4092376155313218,0.0065115592154873095,-0.0036432099369162474
0.025634765625,72,0.40559440559440557,0.007433550367132866,0.4092376155313218,0.0065115592154873095,-0.0036432099369162474
0.0257568359375,72,0.40559440559440557,0.007433550367132866,0.4092376155313218,0.0065115592154873095,-0.0036432099369162474
0.02593994140625,72,0.40559440559440557,0.007433550367132866,0.4092376155313218,0.0065115592154873095,-0.0036432099369162474
0.026123046875,73,0.4020979020979021,0.007486359493006993,0.4095310284121473,0.006560182821287104,-0.0074331263142451975
0.02630615234375,73,0.4020979020979021,0.007486359493006993,0.4095310284121473,0.006560182821287104,-0.0074331263142451975
0.0264892578125,73,0.4020979020979021,0.007486359493006993,0.4095310284121473,0.006560182821287104,-0.0074331263142451975
0.02691650390625,74,0.40559440559440557,0.007498968304195804,0.4098244412929728,0.0066088064270869,-0.004230035698567225
0.02734375,74,0.40559440559440557,0.007498968304195804,0.4098244412929728,0.0066088064270869,-0.004230035698567225
0.02752685546875,75,0.40559440559440557,0.007578901940559439,0.4101178541737982,0.006657430032886693,-0.0045234485793926305
0.0277099609375,75,0.40559440559440557,0.007578901940559439,0.4101178541737982,0.006657430032886693,-0.0045234485793926305
0.02789306640625,75,0.40559440559440557,0.007578901940559439,0.4101178541737982,0.006657430032886693,-0.0045234485793926305
0.028076171875,75,0.40559440559440557,0.007578901940559439,0.4101178541737982,0.006657430032886693,-0.0045234485793926305
0.02825927734375,76,0.40559440559440557,0.007671366555944057,0.4104112670546237,0.006706053638686488,-0.004816861460218147
0.0284423828125,77,0.40559440559440557,0.007693159562937061,0.4107046799354491,0.0067546772444862825,-0.0051102743410435525
0.02874755859375,77,0.40559440559440557,0.007693159562937061,0.4107046799354491,0.0067546772444862825,-0.0051102743410435525
0.029052734375,78,0.4090909090909091,0.007741026346153845,0.4109980928162747,0.006803300850286077,-0.00190718372536558
0.029296875,79,0.4090909090909091,0.007789321206293707,0.41129150569710016,0.006851924456085871,-0.002200596606191041
0.029541015625,79,0.4090909090909091,0.007789321206293707,0.41129150569710016,0.006851924456085871,-0.002200596606191041
0.0301513671875,79,0.4090909090909091,0.007789321206293707,0.41129150569710016,0.006851924456085871,-0.002200596606191041
0.03076171875,80,0.4090909090909091,0.007837888479020977,0.4115849185779256,0.006900548061885667,-0.002494009487016502
0.0311279296875,81,0.4090909090909091,0.00787485875874126,0.411878331458751,0.006949171667685461,-0.0027874223678419074
0.031494140625,81,0.4090909090909091,0.00787485875874126,0.411878331458751,0.006949171667685461,-0.0027874223678419074
0.0316162109375,81,0.4090909090909091,0.00787485875874126,0.411878331458751,0.006949171667685461,-0.0027874223678419074
0.03173828125,81,0.4090909090909091,0.00787485875874126,0.411878331458751,0.006949171667685461,-0.0027874223678419074
0.0318603515625,81,0.4090909090909091,0.00787485875874126,0.411878331458751,0.006949171667685461,-0.0027874223678419074
0.031982421875,81,0.4090909090909091,0.00787485875874126,0.411878331458751,0.006949171667685461,-0.0027874223678419074
0.0321044921875,81,0.4090909090909091,0.00787485875874126,0.411878331458751,0.006949171667685461,-0.0027874223678419074
0.0322265625,81,0.4090909090909091,0.00787485875874126,0.411878331458751,0.006949171667685461,-0.0027874223678419074
0.032470703125,81,0.4090909090909091,0.00787485875874126,0.411878331458751,0.006949171667685461,-0.0027874223678419074
0.03271484375,81,0.4090909090909091,0.00787485875874126,0.411878331458751,0.006949171667685461,-0.0027874223678419074
0.0328369140625,81,0.4090909090909091,0.00787485875874126,0.411878331458751,0.006949171667685461,-0.0027874223678419074
0.032958984375,81,0.4090909090909091,0.00787485875874126,0.411878331458751,0.006949171667685461,-0.0027874223678419074
0.0330810546875,81,0.4090909090909091,0.00787485875874126,0.411878331458751,0.006949171667685461,-0.0027874223678419074
0.033203125,81,0.4090909090909091,0.00787485875874126,0.411878331458751,0.006949171667685461,-0.0027874223678419074
0.0333251953125,83,0.4090909090909091,0.00792513833916084,0.41246515722040195,0.007046418879285051,-0.0033742481294928295
0.033447265625,83,0.4090909090909091,0.00792513833916084,0.41246515722040195,0.007046418879285051,-0.0033742481294928295
0.0335693359375,83,0.4090909090909091,0.00792513833916084,0.41246515722040195,0.007046418879285051,-0.0033742481294928295
0.03369140625,83,0.4090909090909091,0.00792513833916084,0.41246515722040195,0.007046418879285051,-0.0033742481294928295
0.0338134765625,83,0.4090909090909091,0.00792513833916084,0.41246515722040195,0.007046418879285051,-0.0033742481294928295
0.033935546875,83,0.4090909090909091,0.00792513833916084,0.41246515722040195,0.007046418879285051,-0.0033742481294928295
0.0340576171875,83,0.4090909090909091,0.00792513833916084,0.41246515722040195,0.007046418879285051,-0.0033742481294928295
0.0341796875,83,0.4090909090909091,0.00792513833916084,0.41246515722040195,0.007046418879285051,-0.0033742481294928295
0.0343017578125,83,0.4090909090909091,0.00792513833916084,0.41246515722040195,0.007046418879285051,-0.0033742481294928295
0.034423828125,83,0.4090909090909091,0.00792513833916084,0.41246515722040195,0.007046418879285051,-0.0033742481294928295
0.03466796875,83,0.4090909090909091,0.00792513833916084,0.41246515722040195,0.007046418879285051,-0.0033742481294928295
0.034912109375,84,0.4090909090909091,0.007976741066433568,0.4127585701012274,0.007095042485084845,-0.0036676610103182905
0.0350341796875,84,0.4090909090909091,0.007976741066433568,0.4127585701012274,0.007095042485084845,-0.0036676610103182905
0.03515625,84,0.4090909090909091,0.007976741066433568,0.4127585701012274,0.007095042485084845,-0.0036676610103182905
0.0352783203125,84,0.4090909090909091,0.007976741066433568,0.4127585701012274,0.007095042485084845,-0.0036676610103182905
0.035400390625,84,0.4090909090909091,0.007976741066433568,0.4127585701012274,0.007095042485084845,-0.0036676610103182905
0.0355224609375,85,0.4090909090909091,0.008041808758741258,0.41305198298205287,0.007143666090884641,-0.0039610738911437515
0.03564453125,85,0.4090909090909091,0.008041808758741258,0.41305198298205287,0.007143666090884641,-0.0039610738911437515
0.0360107421875,85,0.4090909090909091,0.008041808758741258,0.41305198298205287,0.007143666090884641,-0.0039610738911437515
0.036376953125,85,0.4090909090909091,0.008041808758741258,0.41305198298205287,0.007143666090884641,-0.0039610738911437515
0.0364990234375,85,0.4090909090909091,0.008041808758741258,0.41305198298205287,0.007143666090884641,-0.0039610738911437515
0.03662109375,85,0.4090909090909091,0.008041808758741258,0.41305198298205287,0.007143666090884641,-0.0039610738911437515
0.037109375,85,0.4090909090909091,0.008041808758741258,0.41305198298205287,0.007143666090884641,-0.0039610738911437515
0.03759765625,85,0.4090909090909091,0.008041808758741258,0.41305198298205287,0.007143666090884641,-0.0039610738911437515
0.0379638671875,86,0.4125874125874126,0.008086912500000001,0.41334539586287833,0.007192289696684433,-0.0007579832754657234
0.038330078125,87,0.4125874125874126,0.008179299283216784,0.41363880874370385,0.007240913302484229,-0.00105139615629124
0.0384521484375,87,0.4125874125874126,0.008179299283216784,0.41363880874370385,0.007240913302484229,-0.00105139615629124
0.03857421875,87,0.4125874125874126,0.008179299283216784,0.41363880874370385,0.007240913302484229,-0.00105139615629124
0.0386962890625,87,0.4125874125874126,0.008179299283216784,0.41363880874370385,0.007240913302484229,-0.00105139615629124
0.038818359375,87,0.4125874125874126,0.008179299283216784,0.41363880874370385,0.007240913302484229,-0.00105139615629124
0.0389404296875,87,0.4125874125874126,0.008179299283216784,0.41363880874370385,0.007240913302484229,-0.00105139615629124
0.0390625,87,0.4125874125874126,0.008179299283216784,0.41363880874370385,0.007240913302484229,-0.00105139615629124
0.0396728515625,87,0.4125874125874126,0.008179299283216784,0.41363880874370385,0.007240913302484229,-0.00105139615629124
0.040283203125,87,0.4125874125874126,0.008179299283216784,0.41363880874370385,0.007240913302484229,-0.00105139615629124
0.0404052734375,88,0.4125874125874126,0.00834130694055944,0.41393222162452925,0.007289536908284025,-0.0013448090371166455
0.04052734375,88,0.4125874125874126,0.00834130694055944,0.41393222162452925,0.007289536908284025,-0.0013448090371166455
0.0408935546875,89,0.4125874125874126,0.008406763793706293,0.41422563450535477,0.00733816051408382,-0.001638221917942162
0.041259765625,89,0.4125874125874126,0.008406763793706293,0.41422563450535477,0.00733816051408382,-0.001638221917942162
0.0416259765625,89,0.4125874125874126,0.008406763793706293,0.41422563450535477,0.00733816051408382,-0.001638221917942162
0.0419921875,89,0.4125874125874126,0.008406763793706293,0.41422563450535477,0.00733816051408382,-0.001638221917942162
0.042236328125,89,0.4125874125874126,0.008406763793706293,0.41422563450535477,0.00733816051408382,-0.001638221917942162
0.04248046875,89,0.4125874125874126,0.008406763793706293,0.41422563450535477,0.00733816051408382,-0.001638221917942162
0.0426025390625,89,0.4125874125874126,0.008406763793706293,0.41422563450535477,0.00733816051408382,-0.001638221917942162
0.042724609375,89,0.4125874125874126,0.008406763793706293,0.41422563450535477,0.00733816051408382,-0.001638221917942162
0.0428466796875,89,0.4125874125874126,0.008406763793706293,0.41422563450535477,0.00733816051408382,-0.001638221917942162
0.04296875,89,0.4125874125874126,0.008406763793706293,0.41422563450535477,0.00733816051408382,-0.001638221917942162
0.043212890625,90,0.4125874125874126,0.008451556206293707,0.41451904738618023,0.007386784119883614,-0.001931634798767623
0.04345703125,90,0.4125874125874126,0.008451556206293707,0.41451904738618023,0.007386784119883614,-0.001931634798767623
0.0435791015625,90,0.4125874125874126,0.008451556206293707,0.41451904738618023,0.007386784119883614,-0.001931634798767623
0.043701171875,90,0.4125874125874126,0.008451556206293707,0.41451904738618023,0.007386784119883614,-0.001931634798767623
0.0438232421875,90,0.4125874125874126,0.008451556206293707,0.41451904738618023,0.007386784119883614,-0.001931634798767623
0.0439453125,90,0.4125874125874126,0.008451556206293707,0.41451904738618023,0.007386784119883614,-0.001931634798767623
0.044189453125,90,0.4125874125874126,0.008451556206293707,0.41451904738618023,0.007386784119883614,-0.001931634798767623
0.04443359375,90,0.4125874125874126,0.008451556206293707,0.41451904738618023,0.007386784119883614,-0.001931634798767623
0.044677734375,90,0.4125874125874126,0.008451556206293707,0.41451904738618023,0.007386784119883614,-0.001931634798767623
0.044921875,90,0.4125874125874126,0.008451556206293707,0.41451904738618023,0.007386784119883614,-0.001931634798767623
0.0450439453125,90,0.4125874125874126,0.008451556206293707,0.41451904738618023,0.007386784119883614,-0.001931634798767623
0.045166015625,90,0.4125874125874126,0.008451556206293707,0.41451904738618023,0.007386784119883614,-0.001931634798767623
0.0452880859375,90,0.4125874125874126,0.008451556206293707,0.41451904738618023,0.007386784119883614,-0.001931634798767623
0.04541015625,90,0.4125874125874126,0.008451556206293707,0.41451904738618023,0.007386784119883614,-0.001931634798767623
0.045654296875,90,0.4125874125874126,0.008451556206293707,0.41451904738618023,0.007386784119883614,-0.001931634798767623
0.0458984375,91,0.4125874125874126,0.008494480646853146,0.41481246026700574,0.007435407725683406,-0.0022250476795931395
0.0462646484375,91,0.4125874125874126,0.008494480646853146,0.41481246026700574,0.007435407725683406,-0.0022250476795931395
0.046630859375,91,0.4125874125874126,0.008494480646853146,0.41481246026700574,0.007435407725683406,-0.0022250476795931395
0.046875,91,0.4125874125874126,0.008494480646853146,0.41481246026700574,0.007435407725683406,-0.0022250476795931395
0.047119140625,91,0.4125874125874126,0.008494480646853146,0.41481246026700574,0.007435407725683406,-0.0022250476795931395
0.0472412109375,92,0.4125874125874126,0.008616521486013986,0.41510587314783126,0.007484031331483201,-0.002518460560418656
0.04736328125,92,0.4125874125874126,0.008616521486013986,0.41510587314783126,0.007484031331483201,-0.002518460560418656
0.047607421875,93,0.4125874125874126,0.008688905402097902,0.4153992860286566,0.007532654937282997,-0.002811873441244006
0.0478515625,93,0.4125874125874126,0.008688905402097902,0.4153992860286566,0.007532654937282997,-0.002811873441244006
0.048095703125,93,0.4125874125874126,0.008688905402097902,0.4153992860286566,0.007532654937282997,-0.002811873441244006
0.04833984375,93,0.4125874125874126,0.008688905402097902,0.4153992860286566,0.007532654937282997,-0.002811873441244006
0.0484619140625,94,0.4125874125874126,0.00872996187062937,0.4156926989094821,0.007581278543082791,-0.003105286322069467
0.048583984375,94,0.4125874125874126,0.00872996187062937,0.4156926989094821,0.007581278543082791,-0.003105286322069467
0.0487060546875,94,0.4125874125874126,0.00872996187062937,0.4156926989094821,0.007581278543082791,-0.003105286322069467
0.048828125,94,0.4125874125874126,0.00872996187062937,0.4156926989094821,0.007581278543082791,-0.003105286322069467
0.0489501953125,94,0.4125874125874126,0.00872996187062937,0.4156926989094821,0.007581278543082791,-0.003105286322069467
0.049072265625,94,0.4125874125874126,0.00872996187062937,0.4156926989094821,0.007581278543082791,-0.003105286322069467
0.0496826171875,95,0.4160839160839161,0.00875490708041958,0.4159861117903076,0.007629902148882587,9.780429360850551e-05
0.05029296875,96,0.4195804195804196,0.008814915681818181,0.4162795246711331,0.007678525754682379,0.003300894909286478
0.0504150390625,96,0.4195804195804196,0.008814915681818181,0.4162795246711331,0.007678525754682379,0.003300894909286478
0.050537109375,96,0.4195804195804196,0.008814915681818181,0.4162795246711331,0.007678525754682379,0.003300894909286478
0.0506591796875,96,0.4195804195804196,0.008814915681818181,0.4162795246711331,0.007678525754682379,0.003300894909286478
0.05078125,96,0.4195804195804196,0.008814915681818181,0.4162795246711331,0.007678525754682379,0.003300894909286478
0.0511474609375,96,0.4195804195804196,0.008814915681818181,0.4162795246711331,0.007678525754682379,0.003300894909286478
0.051513671875,96,0.4195804195804196,0.008814915681818181,0.4162795246711331,0.007678525754682379,0.003300894909286478
0.0516357421875,96,0.4195804195804196,0.008814915681818181,0.4162795246711331,0.007678525754682379,0.003300894909286478
0.0517578125,96,0.4195804195804196,0.008814915681818181,0.4162795246711331,0.007678525754682379,0.003300894909286478
0.0521240234375,98,0.4195804195804196,0.008930029458041958,0.416866350432784,0.007775772966281971,0.002714069147635556
0.052490234375,98,0.4195804195804196,0.008930029458041958,0.416866350432784,0.007775772966281971,0.002714069147635556
0.0526123046875,98,0.4195804195804196,0.008930029458041958,0.416866350432784,0.007775772966281971,0.002714069147635556
0.052734375,98,0.4195804195804196,0.008930029458041958,0.416866350432784,0.007775772966281971,0.002714069147635556
0.0528564453125,98,0.4195804195804196,0.008930029458041958,0.416866350432784,0.007775772966281971,0.002714069147635556
0.052978515625,98,0.4195804195804196,0.008930029458041958,0.416866350432784,0.007775772966281971,0.002714069147635556
0.05322265625,99,0.4195804195804196,0.008956064318181819,0.4171597633136095,0.007824396572081765,0.002420656266810095
0.053466796875,99,0.4195804195804196,0.008956064318181819,0.4171597633136095,0.007824396572081765,0.002420656266810095
0.0535888671875,100,0.4195804195804196,0.008984511975524476,0.41745317619443495,0.007873020177881558,0.002127243385984634
0.0537109375,100,0.4195804195804196,0.008984511975524476,0.41745317619443495,0.007873020177881558,0.002127243385984634
0.053955078125,100,0.4195804195804196,0.008984511975524476,0.41745317619443495,0.007873020177881558,0.002127243385984634
0.05419921875,100,0.4195804195804196,0.008984511975524476,0.41745317619443495,0.007873020177881558,0.002127243385984634
0.0546875,100,0.4195804195804196,0.008984511975524476,0.41745317619443495,0.007873020177881558,0.002127243385984634
0.05517578125,101,0.4195804195804196,0.00901249263986014,0.4177465890752604,0.007921643783681353,0.001833830505159173
0.0552978515625,101,0.4195804195804196,0.00901249263986014,0.4177465890752604,0.007921643783681353,0.001833830505159173
0.055419921875,101,0.4195804195804196,0.00901249263986014,0.4177465890752604,0.007921643783681353,0.001833830505159173
0.0556640625,101,0.4195804195804196,0.00901249263986014,0.4177465890752604,0.007921643783681353,0.001833830505159173
0.055908203125,101,0.4195804195804196,0.00901249263986014,0.4177465890752604,0.007921643783681353,0.001833830505159173
0.0560302734375,102,0.4230769230769231,0.00904378117132867,0.41804000195608587,0.007970267389481148,0.005036921120837201
0.05615234375,102,0.4230769230769231,0.00904378117132867,0.41804000195608587,0.007970267389481148,0.005036921120837201
0.0562744140625,102,0.4230769230769231,0.00904378117132867,0.41804000195608587,0.007970267389481148,0.005036921120837201
0.056396484375,102,0.4230769230769231,0.00904378117132867,0.41804000195608587,0.007970267389481148,0.005036921120837201
0.0565185546875,102,0.4230769230769231,0.00904378117132867,0.41804000195608587,0.007970267389481148,0.005036921120837201
0.056640625,102,0.4230769230769231,0.00904378117132867,0.41804000195608587,0.007970267389481148,0.005036921120837201
0.056884765625,102,0.4230769230769231,0.00904378117132867,0.41804000195608587,0.007970267389481148,0.005036921120837201
0.05712890625,103,0.4230769230769231,0.00907351305944056,0.41833341483691133,0.008018890995280943,0.00474350824001174
0.057373046875,103,0.4230769230769231,0.00907351305944056,0.41833341483691133,0.008018890995280943,0.00474350824001174
0.0576171875,103,0.4230769230769231,0.00907351305944056,0.41833341483691133,0.008018890995280943,0.00474350824001174
0.057861328125,104,0.4230769230769231,0.009113752290209791,0.4186268277177368,0.008067514601080737,0.004450095359186279
0.05810546875,104,0.4230769230769231,0.009113752290209791,0.4186268277177368,0.008067514601080737,0.004450095359186279
0.0582275390625,104,0.4230769230769231,0.009113752290209791,0.4186268277177368,0.008067514601080737,0.004450095359186279
0.058349609375,104,0.4230769230769231,0.009113752290209791,0.4186268277177368,0.008067514601080737,0.004450095359186279
0.05859375,104,0.4230769230769231,0.009113752290209791,0.4186268277177368,0.008067514601080737,0.004450095359186279
0.058837890625,104,0.4230769230769231,0.009113752290209791,0.4186268277177368,0.008067514601080737,0.004450095359186279
0.0589599609375,104,0.4230769230769231,0.009113752290209791,0.4186268277177368,0.008067514601080737,0.004450095359186279
0.05908203125,104,0.4230769230769231,0.009113752290209791,0.4186268277177368,0.008067514601080737,0.004450095359186279
0.0594482421875,104,0.4230769230769231,0.009113752290209791,0.4186268277177368,0.008067514601080737,0.004450095359186279
0.059814453125,104,0.4230769230769231,0.009113752290209791,0.4186268277177368,0.008067514601080737,0.004450095359186279
0.06005859375,104,0.4230769230769231,0.009113752290209791,0.4186268277177368,0.008067514601080737,0.004450095359186279
0.060302734375,104,0.4230769230769231,0.009113752290209791,0.4186268277177368,0.008067514601080737,0.004450095359186279
0.0604248046875,105,0.4230769230769231,0.009205944493006993,0.41892024059856225,0.008116138206880534,0.004156682478360818
0.060546875,105,0.4230769230769231,0.009205944493006993,0.41892024059856225,0.008116138206880534,0.004156682478360818
0.0606689453125,105,0.4230769230769231,0.009205944493006993,0.41892024059856225,0.008116138206880534,0.004156682478360818
0.060791015625,105,0.4230769230769231,0.009205944493006993,0.41892024059856225,0.008116138206880534,0.004156682478360818
0.061279296875,106,0.4195804195804196,0.00922933305944056,0.4192136534793877,0.008164761812680325,0.0003667661010318679
0.061767578125,106,0.4195804195804196,0.00922933305944056,0.4192136534793877,0.008164761812680325,0.0003667661010318679
0.06201171875,106,0.4195804195804196,0.00922933305944056,0.4192136534793877,0.008164761812680325,0.0003667661010318679
0.062255859375,106,0.4195804195804196,0.00922933305944056,0.4192136534793877,0.008164761812680325,0.0003667661010318679
0.0623779296875,106,0.4195804195804196,0.00922933305944056,0.4192136534793877,0.008164761812680325,0.0003667661010318679
0.0625,106,0.4195804195804196,0.00922933305944056,0.4192136534793877,0.008164761812680325,0.0003667661010318679
0.062744140625,106,0.4195804195804196,0.00922933305944056,0.4192136534793877,0.008164761812680325,0.0003667661010318679
0.06298828125,106,0.4195804195804196,0.00922933305944056,0.4192136534793877,0.008164761812680325,0.0003667661010318679
0.063232421875,106,0.4195804195804196,0.00922933305944056,0.4192136534793877,0.008164761812680325,0.0003667661010318679
0.0634765625,106,0.4195804195804196,0.00922933305944056,0.4192136534793877,0.008164761812680325,0.0003667661010318679
0.06396484375,106,0.4195804195804196,0.00922933305944056,0.4192136534793877,0.008164761812680325,0.0003667661010318679
0.064453125,106,0.4195804195804196,0.00922933305944056,0.4192136534793877,0.008164761812680325,0.0003667661010318679
0.064697265625,106,0.4195804195804196,0.00922933305944056,0.4192136534793877,0.008164761812680325,0.0003667661010318679
0.06494140625,106,0.4195804195804196,0.00922933305944056,0.4192136534793877,0.008164761812680325,0.0003667661010318679
0.065185546875,106,0.4195804195804196,0.00922933305944056,0.4192136534793877,0.008164761812680325,0.0003667661010318679
0.0654296875,106,0.4195804195804196,0.00922933305944056,0.4192136534793877,0.008164761812680325,0.0003667661010318679
0.065673828125,106,0.4195804195804196,0.00922933305944056,0.4192136534793877,0.008164761812680325,0.0003667661010318679
0.06591796875,106,0.4195804195804196,0.00922933305944056,0.4192136534793877,0.008164761812680325,0.0003667661010318679
0.066162109375,107,0.4230769230769231,0.00925279945804196,0.4195070663602132,0.008213385418480122,0.003569856716709896
0.06640625,107,0.4230769230769231,0.00925279945804196,0.4195070663602132,0.008213385418480122,0.003569856716709896
0.067138671875,107,0.4230769230769231,0.00925279945804196,0.4195070663602132,0.008213385418480122,0.003569856716709896
0.06787109375,107,0.4230769230769231,0.00925279945804196,0.4195070663602132,0.008213385418480122,0.003569856716709896
0.068115234375,107,0.4230769230769231,0.00925279945804196,0.4195070663602132,0.008213385418480122,0.003569856716709896
0.068359375,107,0.4230769230769231,0.00925279945804196,0.4195070663602132,0.008213385418480122,0.003569856716709896
0.068603515625,107,0.4230769230769231,0.00925279945804196,0.4195070663602132,0.008213385418480122,0.003569856716709896
0.06884765625,107,0.4230769230769231,0.00925279945804196,0.4195070663602132,0.008213385418480122,0.003569856716709896
0.0693359375,108,0.4230769230769231,0.009360207849650349,0.4198004792410387,0.008262009024279916,0.0032764438358843795
0.06982421875,110,0.4230769230769231,0.009485361975524475,0.4203873050026896,0.008359256235879504,0.0026896180742334574
0.070068359375,110,0.4230769230769231,0.009485361975524475,0.4203873050026896,0.008359256235879504,0.0026896180742334574
0.0703125,110,0.4230769230769231,0.009485361975524475,0.4203873050026896,0.008359256235879504,0.0026896180742334574
0.070556640625,110,0.4230769230769231,0.009485361975524475,0.4203873050026896,0.008359256235879504,0.0026896180742334574
0.07080078125,110,0.4230769230769231,0.009485361975524475,0.4203873050026896,0.008359256235879504,0.0026896180742334574
0.071044921875,110,0.4230769230769231,0.009485361975524475,0.4203873050026896,0.008359256235879504,0.0026896180742334574
0.0712890625,110,0.4230769230769231,0.009485361975524475,0.4203873050026896,0.008359256235879504,0.0026896180742334574
0.071533203125,111,0.4230769230769231,0.009586037884615383,0.42068071788351513,0.0084078798416793,0.002396205193407941
0.07177734375,111,0.4230769230769231,0.009586037884615383,0.42068071788351513,0.0084078798416793,0.002396205193407941
0.072021484375,111,0.4230769230769231,0.009586037884615383,0.42068071788351513,0.0084078798416793,0.002396205193407941
0.072265625,111,0.4230769230769231,0.009586037884615383,0.42068071788351513,0.0084078798416793,0.002396205193407941
0.072509765625,111,0.4230769230769231,0.009586037884615383,0.42068071788351513,0.0084078798416793,0.002396205193407941
0.07275390625,111,0.4230769230769231,0.009586037884615383,0.42068071788351513,0.0084078798416793,0.002396205193407941
0.072998046875,112,0.42657342657342656,0.009616625926573428,0.42097413076434054,0.008456503447479094,0.0055992958090860245
0.0732421875,112,0.42657342657342656,0.009616625926573428,0.42097413076434054,0.008456503447479094,0.0055992958090860245
0.073486328125,112,0.42657342657342656,0.009616625926573428,0.42097413076434054,0.008456503447479094,0.0055992958090860245
0.07373046875,112,0.42657342657342656,0.009616625926573428,0.42097413076434054,0.008456503447479094,0.0055992958090860245
0.073974609375,112,0.42657342657342656,0.009616625926573428,0.42097413076434054,0.008456503447479094,0.0055992958090860245
0.07421875,112,0.42657342657342656,0.009616625926573428,0.42097413076434054,0.008456503447479094,0.0055992958090860245
0.07470703125,112,0.42657342657342656,0.009616625926573428,0.42097413076434054,0.008456503447479094,0.0055992958090860245
0.0751953125,112,0.42657342657342656,0.009616625926573428,0.42097413076434054,0.008456503447479094,0.0055992958090860245
0.075439453125,113,0.42657342657342656,0.009715823024475524,0.42126754364516594,0.008505127053278888,0.005305882928260619
0.07568359375,113,0.42657342657342656,0.009715823024475524,0.42126754364516594,0.008505127053278888,0.005305882928260619
0.075927734375,113,0.42657342657342656,0.009715823024475524,0.42126754364516594,0.008505127053278888,0.005305882928260619
0.076171875,113,0.42657342657342656,0.009715823024475524,0.42126754364516594,0.008505127053278888,0.005305882928260619
0.076416015625,114,0.42657342657342656,0.009769410472027971,0.4215609565259915,0.008553750659078685,0.005012470047435047
0.07666015625,114,0.42657342657342656,0.009769410472027971,0.4215609565259915,0.008553750659078685,0.005012470047435047
0.076904296875,114,0.42657342657342656,0.009769410472027971,0.4215609565259915,0.008553750659078685,0.005012470047435047
0.0771484375,114,0.42657342657342656,0.009769410472027971,0.4215609565259915,0.008553750659078685,0.005012470047435047
0.077392578125,114,0.42657342657342656,0.009769410472027971,0.4215609565259915,0.008553750659078685,0.005012470047435047
0.07763671875,114,0.42657342657342656,0.009769410472027971,0.4215609565259915,0.008553750659078685,0.005012470047435047
0.078125,116,0.43006993006993005,0.009871409527972027,0.4221477822876425,0.008650997870678273,0.007922147782287559
0.07861328125,117,0.43006993006993005,0.009988702604895105,0.4224411951684679,0.008699621476478068,0.007628734901462153
0.078857421875,117,0.43006993006993005,0.009988702604895105,0.4224411951684679,0.008699621476478068,0.007628734901462153
0.0791015625,117,0.43006993006993005,0.009988702604895105,0.4224411951684679,0.008699621476478068,0.007628734901462153
0.079345703125,117,0.43006993006993005,0.009988702604895105,0.4224411951684679,0.008699621476478068,0.007628734901462153
0.07958984375,117,0.43006993006993005,0.009988702604895105,0.4224411951684679,0.008699621476478068,0.007628734901462153
0.079833984375,117,0.43006993006993005,0.009988702604895105,0.4224411951684679,0.008699621476478068,0.007628734901462153
0.080078125,117,0.43006993006993005,0.009988702604895105,0.4224411951684679,0.008699621476478068,0.007628734901462153
0.080322265625,118,0.43006993006993005,0.010018278828671328,0.42273460804929336,0.008748245082277863,0.007335322020636692
0.08056640625,118,0.43006993006993005,0.010018278828671328,0.42273460804929336,0.008748245082277863,0.007335322020636692
0.080810546875,119,0.43006993006993005,0.010048010716783216,0.4230280209301188,0.008796868688077657,0.007041909139811231
0.0810546875,119,0.43006993006993005,0.010048010716783216,0.4230280209301188,0.008796868688077657,0.007041909139811231
0.08154296875,120,0.43006993006993005,0.010073695332167832,0.42332143381094434,0.00884549229387745,0.0067484962589857145
0.08203125,120,0.43006993006993005,0.010073695332167832,0.42332143381094434,0.00884549229387745,0.0067484962589857145
0.08251953125,120,0.43006993006993005,0.010073695332167832,0.42332143381094434,0.00884549229387745,0.0067484962589857145
0.0830078125,120,0.43006993006993005,0.010073695332167832,0.42332143381094434,0.00884549229387745,0.0067484962589857145
0.083251953125,120,0.43006993006993005,0.010073695332167832,0.42332143381094434,0.00884549229387745,0.0067484962589857145
0.08349609375,120,0.43006993006993005,0.010073695332167832,0.42332143381094434,0.00884549229387745,0.0067484962589857145
0.083740234375,120,0.43006993006993005,0.010073695332167832,0.42332143381094434,0.00884549229387745,0.0067484962589857145
0.083984375,120,0.43006993006993005,0.010073695332167832,0.42332143381094434,0.00884549229387745,0.0067484962589857145
0.084228515625,120,0.43006993006993005,0.010073695332167832,0.42332143381094434,0.00884549229387745,0.0067484962589857145
0.08447265625,120,0.43006993006993005,0.010073695332167832,0.42332143381094434,0.00884549229387745,0.0067484962589857145
0.084716796875,120,0.43006993006993005,0.010073695332167832,0.42332143381094434,0.00884549229387745,0.0067484962589857145
0.0849609375,120,0.43006993006993005,0.010073695332167832,0.42332143381094434,0.00884549229387745,0.0067484962589857145
0.08544921875,120,0.43006993006993005,0.010073695332167832,0.42332143381094434,0.00884549229387745,0.0067484962589857145
0.0859375,121,0.43006993006993005,0.010100119353146853,0.4236148466917698,0.008894115899677245,0.0064550833781602535
0.086669921875,121,0.43006993006993005,0.010100119353146853,0.4236148466917698,0.008894115899677245,0.0064550833781602535
0.08740234375,121,0.43006993006993005,0.010100119353146853,0.4236148466917698,0.008894115899677245,0.0064550833781602535
0.087890625,121,0.43006993006993005,0.010100119353146853,0.4236148466917698,0.008894115899677245,0.0064550833781602535
0.08837890625,121,0.43006993006993005,0.010100119353146853,0.4236148466917698,0.008894115899677245,0.0064550833781602535
0.088623046875,121,0.43006993006993005,0.010100119353146853,0.4236148466917698,0.008894115899677245,0.0064550833781602535
0.0888671875,121,0.43006993006993005,0.010100119353146853,0.4236148466917698,0.008894115899677245,0.0064550833781602535
0.089111328125,121,0.43006993006993005,0.010100119353146853,0.4236148466917698,0.008894115899677245,0.0064550833781602535
0.08935546875,121,0.43006993006993005,0.010100119353146853,0.4236148466917698,0.008894115899677245,0.0064550833781602535
0.089599609375,121,0.43006993006993005,0.010100119353146853,0.4236148466917698,0.008894115899677245,0.0064550833781602535
0.08984375,121,0.43006993006993005,0.010100119353146853,0.4236148466917698,0.008894115899677245,0.0064550833781602535
0.090576171875,121,0.43006993006993005,0.010100119353146853,0.4236148466917698,0.008894115899677245,0.0064550833781602535
0.09130859375,121,0.43006993006993005,0.010100119353146853,0.4236148466917698,0.008894115899677245,0.0064550833781602535
0.092041015625,121,0.43006993006993005,0.010100119353146853,0.4236148466917698,0.008894115899677245,0.0064550833781602535
0.0927734375,121,0.43006993006993005,0.010100119353146853,0.4236148466917698,0.008894115899677245,0.0064550833781602535
0.093017578125,122,0.43006993006993005,0.010128372430069931,0.42390825957259526,0.00894273950547704,0.0061616704973347924
0.09326171875,122,0.43006993006993005,0.010128372430069931,0.42390825957259526,0.00894273950547704,0.0061616704973347924
0.093505859375,123,0.43006993006993005,0.010181492884615385,0.4242016724534207,0.008991363111276834,0.005868257616509331
0.09375,123,0.43006993006993005,0.010181492884615385,0.4242016724534207,0.008991363111276834,0.005868257616509331
0.094482421875,124,0.43356643356643354,0.010232356206293708,0.4244950853342461,0.00903998671707663,0.009071348232187415
0.09521484375,124,0.43356643356643354,0.010232356206293708,0.4244950853342461,0.00903998671707663,0.009071348232187415
0.095458984375,125,0.43356643356643354,0.010372570856643358,0.4247884982150716,0.009088610322876424,0.008777935351361954
0.095703125,125,0.43356643356643354,0.010372570856643358,0.4247884982150716,0.009088610322876424,0.008777935351361954
0.0966796875,126,0.4370629370629371,0.010404715541958043,0.42508191109589705,0.009137233928676219,0.011981025967040038
0.09765625,127,0.4370629370629371,0.010485349667832168,0.4253753239767226,0.009185857534476012,0.011687613086214466
0.097900390625,127,0.4370629370629371,0.010485349667832168,0.4253753239767226,0.009185857534476012,0.011687613086214466
0.09814453125,127,0.4370629370629371,0.010485349667832168,0.4253753239767226,0.009185857534476012,0.011687613086214466
0.098388671875,127,0.4370629370629371,0.010485349667832168,0.4253753239767226,0.009185857534476012,0.011687613086214466
0.0986328125,127,0.4370629370629371,0.010485349667832168,0.4253753239767226,0.009185857534476012,0.011687613086214466
0.098876953125,128,0.4370629370629371,0.010629961835664337,0.425668736857548,0.009234481140275808,0.01139420020538906
0.09912109375,128,0.4370629370629371,0.010629961835664337,0.425668736857548,0.009234481140275808,0.01139420020538906
0.099609375,128,0.4370629370629371,0.010629961835664337,0.425668736857548,0.009234481140275808,0.01139420020538906
0.10009765625,129,0.4370629370629371,0.010671835541958042,0.42596214973837354,0.009283104746075603,0.011100787324563544
0.100341796875,130,0.4370629370629371,0.01072343826923077,0.42625556261919895,0.009331728351875396,0.010807374443738138
0.1005859375,130,0.4370629370629371,0.01072343826923077,0.42625556261919895,0.009331728351875396,0.010807374443738138
0.101318359375,130,0.4370629370629371,0.01072343826923077,0.42625556261919895,0.009331728351875396,0.010807374443738138
0.10205078125,130,0.4370629370629371,0.01072343826923077,0.42625556261919895,0.009331728351875396,0.010807374443738138
0.102294921875,130,0.4370629370629371,0.01072343826923077,0.42625556261919895,0.009331728351875396,0.010807374443738138
0.1025390625,130,0.4370629370629371,0.01072343826923077,0.42625556261919895,0.009331728351875396,0.010807374443738138
0.10302734375,130,0.4370629370629371,0.01072343826923077,0.42625556261919895,0.009331728351875396,0.010807374443738138
0.103515625,130,0.4370629370629371,0.01072343826923077,0.42625556261919895,0.009331728351875396,0.010807374443738138
0.103759765625,130,0.4370629370629371,0.01072343826923077,0.42625556261919895,0.009331728351875396,0.010807374443738138
0.10400390625,130,0.4370629370629371,0.01072343826923077,0.42625556261919895,0.009331728351875396,0.010807374443738138
0.1044921875,131,0.4405594405594406,0.010855130297202798,0.4265489755000245,0.009380351957675193,0.014010465059416055
0.10498046875,131,0.4405594405594406,0.010855130297202798,0.4265489755000245,0.009380351957675193,0.014010465059416055
0.105224609375,131,0.4405594405594406,0.010855130297202798,0.4265489755000245,0.009380351957675193,0.014010465059416055
0.10546875,131,0.4405594405594406,0.010855130297202798,0.4265489755000245,0.009380351957675193,0.014010465059416055
0.1064453125,131,0.4405594405594406,0.010855130297202798,0.4265489755000245,0.009380351957675193,0.014010465059416055
0.107421875,131,0.4405594405594406,0.010855130297202798,0.4265489755000245,0.009380351957675193,0.014010465059416055
0.1083984375,131,0.4405594405594406,0.010855130297202798,0.4265489755000245,0.009380351957675193,0.014010465059416055
0.109375,131,0.4405594405594406,0.010855130297202798,0.4265489755000245,0.009380351957675193,0.014010465059416055
0.11083984375,132,0.4405594405594406,0.010930471835664337,0.4268423883808499,0.009428975563474988,0.01371705217859065
0.1123046875,132,0.4405594405594406,0.010930471835664337,0.4268423883808499,0.009428975563474988,0.01371705217859065
0.113525390625,133,0.4405594405594406,0.011003595157342658,0.4271358012616754,0.009477599169274781,0.013423639297765189
0.11474609375,133,0.4405594405594406,0.011003595157342658,0.4271358012616754,0.009477599169274781,0.013423639297765189
0.115234375,134,0.4405594405594406,0.01111279368881119,0.4274292141425009,0.009526222775074575,0.013130226416939672
0.11572265625,134,0.4405594405594406,0.01111279368881119,0.4274292141425009,0.009526222775074575,0.013130226416939672
0.115966796875,134,0.4405594405594406,0.01111279368881119,0.4274292141425009,0.009526222775074575,0.013130226416939672
0.1162109375,134,0.4405594405594406,0.01111279368881119,0.4274292141425009,0.009526222775074575,0.013130226416939672
0.116455078125,134,0.4405594405594406,0.01111279368881119,0.4274292141425009,0.009526222775074575,0.013130226416939672
0.11669921875,134,0.4405594405594406,0.01111279368881119,0.4274292141425009,0.009526222775074575,0.013130226416939672
0.116943359375,134,0.4405594405594406,0.01111279368881119,0.4274292141425009,0.009526222775074575,0.013130226416939672
0.1171875,134,0.4405594405594406,0.01111279368881119,0.4274292141425009,0.009526222775074575,0.013130226416939672
0.118408203125,135,0.4405594405594406,0.011144627045454545,0.4277226270233263,0.00957484638087437,0.012836813536114267
0.11962890625,135,0.4405594405594406,0.011144627045454545,0.4277226270233263,0.00957484638087437,0.012836813536114267
0.12060546875,135,0.4405594405594406,0.011144627045454545,0.4277226270233263,0.00957484638087437,0.012836813536114267
0.12158203125,135,0.4405594405594406,0.011144627045454545,0.4277226270233263,0.00957484638087437,0.012836813536114267
0.122314453125,135,0.4405594405594406,0.011144627045454545,0.4277226270233263,0.00957484638087437,0.012836813536114267
0.123046875,135,0.4405594405594406,0.011144627045454545,0.4277226270233263,0.00957484638087437,0.012836813536114267
0.123291015625,135,0.4405594405594406,0.011144627045454545,0.4277226270233263,0.00957484638087437,0.012836813536114267
0.12353515625,135,0.4405594405594406,0.011144627045454545,0.4277226270233263,0.00957484638087437,0.012836813536114267
0.124267578125,135,0.4405594405594406,0.011144627045454545,0.4277226270233263,0.00957484638087437,0.012836813536114267
0.125,135,0.4405594405594406,0.011144627045454545,0.4277226270233263,0.00957484638087437,0.012836813536114267
0.12548828125,135,0.4405594405594406,0.011144627045454545,0.4277226270233263,0.00957484638087437,0.012836813536114267
0.1259765625,135,0.4405594405594406,0.011144627045454545,0.4277226270233263,0.00957484638087437,0.012836813536114267
0.12646484375,136,0.4405594405594406,0.011180507674825176,0.42801603990415177,0.009623469986674165,0.012543400655288806
0.126953125,136,0.4405594405594406,0.011180507674825176,0.42801603990415177,0.009623469986674165,0.012543400655288806
0.12744140625,136,0.4405594405594406,0.011180507674825176,0.42801603990415177,0.009623469986674165,0.012543400655288806
0.1279296875,136,0.4405594405594406,0.011180507674825176,0.42801603990415177,0.009623469986674165,0.012543400655288806
0.12841796875,136,0.4405594405594406,0.011180507674825176,0.42801603990415177,0.009623469986674165,0.012543400655288806
0.12890625,136,0.4405594405594406,0.011180507674825176,0.42801603990415177,0.009623469986674165,0.012543400655288806
0.13037109375,136,0.4405594405594406,0.011180507674825176,0.42801603990415177,0.009623469986674165,0.012543400655288806
0.1318359375,136,0.4405594405594406,0.011180507674825176,0.42801603990415177,0.009623469986674165,0.012543400655288806
0.13232421875,136,0.4405594405594406,0.011180507674825176,0.42801603990415177,0.009623469986674165,0.012543400655288806
0.1328125,136,0.4405594405594406,0.011180507674825176,0.42801603990415177,0.009623469986674165,0.012543400655288806
0.13330078125,136,0.4405594405594406,0.011180507674825176,0.42801603990415177,0.009623469986674165,0.012543400655288806
0.1337890625,136,0.4405594405594406,0.011180507674825176,0.42801603990415177,0.009623469986674165,0.012543400655288806
0.13427734375,136,0.4405594405594406,0.011180507674825176,0.42801603990415177,0.009623469986674165,0.012543400655288806
0.134765625,136,0.4405594405594406,0.011180507674825176,0.42801603990415177,0.009623469986674165,0.012543400655288806
0.13623046875,137,0.4405594405594406,0.011211601625874127,0.4283094527849773,0.009672093592473958,0.012249987774463289
0.1376953125,137,0.4405594405594406,0.011211601625874127,0.4283094527849773,0.009672093592473958,0.012249987774463289
0.138671875,137,0.4405594405594406,0.011211601625874127,0.4283094527849773,0.009672093592473958,0.012249987774463289
0.1396484375,137,0.4405594405594406,0.011211601625874127,0.4283094527849773,0.009672093592473958,0.012249987774463289
0.140625,137,0.4405594405594406,0.011211601625874127,0.4283094527849773,0.009672093592473958,0.012249987774463289
0.1416015625,137,0.4405594405594406,0.011211601625874127,0.4283094527849773,0.009672093592473958,0.012249987774463289
0.14208984375,137,0.4405594405594406,0.011211601625874127,0.4283094527849773,0.009672093592473958,0.012249987774463289
0.142578125,137,0.4405594405594406,0.011211601625874127,0.4283094527849773,0.009672093592473958,0.012249987774463289
0.14404296875,138,0.44405594405594406,0.011236040926573427,0.42860286566580275,0.009720717198273754,0.015453078390141317
0.1455078125,139,0.44405594405594406,0.011328388793706293,0.42889627854662826,0.00976934080407355,0.0151596655093158
0.14599609375,140,0.44405594405594406,0.011399254982517483,0.4291896914274537,0.009817964409873346,0.01486625262849034
0.146484375,140,0.44405594405594406,0.011399254982517483,0.4291896914274537,0.009817964409873346,0.01486625262849034
0.150390625,140,0.44405594405594406,0.011399254982517483,0.4291896914274537,0.009817964409873346,0.01486625262849034
0.154296875,141,0.44405594405594406,0.011442840996503497,0.4294831043082792,0.009866588015673139,0.014572839747664879
0.15478515625,141,0.44405594405594406,0.011442840996503497,0.4294831043082792,0.009866588015673139,0.014572839747664879
0.1552734375,141,0.44405594405594406,0.011442840996503497,0.4294831043082792,0.009866588015673139,0.014572839747664879
0.15673828125,141,0.44405594405594406,0.011442840996503497,0.4294831043082792,0.009866588015673139,0.014572839747664879
0.158203125,141,0.44405594405594406,0.011442840996503497,0.4294831043082792,0.009866588015673139,0.014572839747664879
0.16064453125,143,0.4405594405594406,0.011621543653846156,0.43006993006993005,0.009963835227272727,0.010489510489510523
0.1630859375,144,0.4405594405594406,0.011703462010489512,0.4303633429507555,0.01001245883307252,0.010196097608685062
0.16357421875,144,0.4405594405594406,0.011703462010489512,0.4303633429507555,0.01001245883307252,0.010196097608685062
0.1640625,144,0.4405594405594406,0.011703462010489512,0.4303633429507555,0.01001245883307252,0.010196097608685062
0.16455078125,145,0.4405594405594406,0.011756193304195806,0.430656755831581,0.010061082438872316,0.0099026847278596
0.1650390625,145,0.4405594405594406,0.011756193304195806,0.430656755831581,0.010061082438872316,0.0099026847278596
0.16552734375,145,0.4405594405594406,0.011756193304195806,0.430656755831581,0.010061082438872316,0.0099026847278596
0.166015625,145,0.4405594405594406,0.011756193304195806,0.430656755831581,0.010061082438872316,0.0099026847278596
0.16748046875,145,0.4405594405594406,0.011756193304195806,0.430656755831581,0.010061082438872316,0.0099026847278596
0.1689453125,145,0.4405594405594406,0.011756193304195806,0.430656755831581,0.010061082438872316,0.0099026847278596
0.17138671875,146,0.4370629370629371,0.01185799777972028,0.43095016871240643,0.010109706044672111,0.006112768350530651
0.173828125,147,0.4370629370629371,0.011902011870629371,0.43124358159323195,0.010158329650471904,0.005819355469705134
0.17529296875,147,0.4370629370629371,0.011902011870629371,0.43124358159323195,0.010158329650471904,0.005819355469705134
0.1767578125,147,0.4370629370629371,0.011902011870629371,0.43124358159323195,0.010158329650471904,0.005819355469705134
0.17822265625,147,0.4370629370629371,0.011902011870629371,0.43124358159323195,0.010158329650471904,0.005819355469705134
0.1796875,148,0.4370629370629371,0.01193999396853147,0.4315369944740574,0.0102069532562717,0.005525942588879673
0.1806640625,149,0.4370629370629371,0.01194991756993007,0.4318304073548828,0.010255576862071496,0.005232529708054268
0.181640625,149,0.4370629370629371,0.01194991756993007,0.4318304073548828,0.010255576862071496,0.005232529708054268
0.18212890625,149,0.4370629370629371,0.01194991756993007,0.4318304073548828,0.010255576862071496,0.005232529708054268
0.1826171875,149,0.4370629370629371,0.01194991756993007,0.4318304073548828,0.010255576862071496,0.005232529708054268
0.18310546875,149,0.4370629370629371,0.01194991756993007,0.4318304073548828,0.010255576862071496,0.005232529708054268
0.18359375,149,0.4370629370629371,0.01194991756993007,0.4318304073548828,0.010255576862071496,0.005232529708054268
0.1845703125,149,0.4370629370629371,0.01194991756993007,0.4318304073548828,0.010255576862071496,0.005232529708054268
0.185546875,150,0.4370629370629371,0.011981556346153846,0.43212382023570833,0.01030420046787129,0.004939116827228751
0.18603515625,150,0.4370629370629371,0.011981556346153846,0.43212382023570833,0.01030420046787129,0.004939116827228751
0.1865234375,150,0.4370629370629371,0.011981556346153846,0.43212382023570833,0.01030420046787129,0.004939116827228751
0.1875,150,0.4370629370629371,0.011981556346153846,0.43212382023570833,0.01030420046787129,0.004939116827228751
0.1884765625,150,0.4370629370629371,0.011981556346153846,0.43212382023570833,0.01030420046787129,0.004939116827228751
0.18896484375,150,0.4370629370629371,0.011981556346153846,0.43212382023570833,0.01030420046787129,0.004939116827228751
0.189453125,150,0.4370629370629371,0.011981556346153846,0.43212382023570833,0.01030420046787129,0.004939116827228751
0.1904296875,150,0.4370629370629371,0.011981556346153846,0.43212382023570833,0.01030420046787129,0.004939116827228751
0.19140625,150,0.4370629370629371,0.011981556346153846,0.43212382023570833,0.01030420046787129,0.004939116827228751
0.1923828125,150,0.4370629370629371,0.011981556346153846,0.43212382023570833,0.01030420046787129,0.004939116827228751
0.193359375,150,0.4370629370629371,0.011981556346153846,0.43212382023570833,0.01030420046787129,0.004939116827228751
0.19384765625,150,0.4370629370629371,0.011981556346153846,0.43212382023570833,0.01030420046787129,0.004939116827228751
0.1943359375,150,0.4370629370629371,0.011981556346153846,0.43212382023570833,0.01030420046787129,0.004939116827228751
0.1953125,150,0.4370629370629371,0.011981556346153846,0.43212382023570833,0.01030420046787129,0.004939116827228751
0.1962890625,150,0.4370629370629371,0.011981556346153846,0.43212382023570833,0.01030420046787129,0.004939116827228751
0.19775390625,151,0.4370629370629371,0.012031330017482517,0.43241723311653385,0.010352824073671085,0.004645703946403235
0.19921875,151,0.4370629370629371,0.012031330017482517,0.43241723311653385,0.010352824073671085,0.004645703946403235
0.201171875,151,0.4370629370629371,0.012031330017482517,0.43241723311653385,0.010352824073671085,0.004645703946403235
0.203125,151,0.4370629370629371,0.012031330017482517,0.43241723311653385,0.010352824073671085,0.004645703946403235
0.2099609375,151,0.4370629370629371,0.012031330017482517,0.43241723311653385,0.010352824073671085,0.004645703946403235
0.216796875,151,0.4370629370629371,0.012031330017482517,0.43241723311653385,0.010352824073671085,0.004645703946403235
0.21826171875,151,0.4370629370629371,0.012031330017482517,0.43241723311653385,0.010352824073671085,0.004645703946403235
0.2197265625,151,0.4370629370629371,0.012031330017482517,0.43241723311653385,0.010352824073671085,0.004645703946403235
0.22509765625,151,0.4370629370629371,0.012031330017482517,0.43241723311653385,0.010352824073671085,0.004645703946403235
0.23046875,152,0.43356643356643354,0.012091260786713286,0.43271064599735926,0.010401447679470878,0.0008557875690742844
0.23193359375,152,0.43356643356643354,0.012091260786713286,0.43271064599735926,0.010401447679470878,0.0008557875690742844
0.2333984375,153,0.43356643356643354,0.012115622255244755,0.43300405887818477,0.010450071285270673,0.0005623746882487679
0.23388671875,153,0.43356643356643354,0.012115622255244755,0.43300405887818477,0.010450071285270673,0.0005623746882487679
0.234375,153,0.43356643356643354,0.012115622255244755,0.43300405887818477,0.010450071285270673,0.0005623746882487679
0.2353515625,153,0.43356643356643354,0.012115622255244755,0.43300405887818477,0.010450071285270673,0.0005623746882487679
0.236328125,153,0.43356643356643354,0.012115622255244755,0.43300405887818477,0.010450071285270673,0.0005623746882487679
0.2412109375,154,0.43356643356643354,0.012187850506993008,0.43329747175901023,0.010498694891070469,0.0002689618074233069
0.24609375,155,0.43356643356643354,0.012225793688811189,0.43359088463983564,0.010547318496870262,-2.4451073402098622e-05
0.2568359375,157,0.43356643356643354,0.012277201835664336,0.4341777104014866,0.010644565708469854,-0.0006112768350530762
0.267578125,157,0.43356643356643354,0.012277201835664336,0.4341777104014866,0.010644565708469854,-0.0006112768350530762
0.2734375,159,0.43356643356643354,0.012322850402097902,0.43476453616313754,0.01074181292006944,-0.0011981025967039982
0.279296875,159,0.43356643356643354,0.012322850402097902,0.43476453616313754,0.01074181292006944,-0.0011981025967039982
0.2802734375,160,0.43356643356643354,0.012349858164335663,0.43505794904396305,0.010790436525869238,-0.0014915154775295147
0.28125,160,0.43356643356643354,0.012349858164335663,0.43505794904396305,0.010790436525869238,-0.0014915154775295147
0.28515625,160,0.43356643356643354,0.012349858164335663,0.43505794904396305,0.010790436525869238,-0.0014915154775295147
0.2890625,160,0.43356643356643354,0.012349858164335663,0.43505794904396305,0.010790436525869238,-0.0014915154775295147
0.2978515625,162,0.43356643356643354,0.012408349038461539,0.435644774805614,0.010887683737468824,-0.002078341239180437
0.306640625,163,0.43356643356643354,0.01243208784965035,0.43593818768643944,0.01093630734326862,-0.002371754120005898
0.3125,164,0.43356643356643354,0.012456566066433566,0.4362316005672649,0.010984930949068413,-0.002665167000831359
0.318359375,164,0.43356643356643354,0.012456566066433566,0.4362316005672649,0.010984930949068413,-0.002665167000831359
0.3271484375,164,0.43356643356643354,0.012456566066433566,0.4362316005672649,0.010984930949068413,-0.002665167000831359
0.3359375,166,0.43356643356643354,0.01257876256993007,0.4368184263289158,0.011082178160668003,-0.003251992762482281
0.3515625,168,0.43356643356643354,0.01262616236013986,0.43740525209056674,0.011179425372267593,-0.003838818524133203
0.3671875,168,0.43356643356643354,0.01262616236013986,0.43740525209056674,0.011179425372267593,-0.003838818524133203
0.3759765625,168,0.43356643356643354,0.01262616236013986,0.43740525209056674,0.011179425372267593,-0.003838818524133203
0.384765625,168,0.43356643356643354,0.01262616236013986,0.43740525209056674,0.011179425372267593,-0.003838818524133203
0.3876953125,168,0.43356643356643354,0.01262616236013986,0.43740525209056674,0.011179425372267593,-0.003838818524133203
0.390625,168,0.43356643356643354,0.01262616236013986,0.43740525209056674,0.011179425372267593,-0.003838818524133203
0.4248046875,174,0.43356643356643354,0.012795758653846153,0.43916572937551956,0.01147116700706636,-0.0055992958090860245
0.458984375,179,0.43006993006993005,0.013021160611888113,0.4406327937796469,0.011714285036065333,-0.010562863709716874
0.4619140625,179,0.43006993006993005,0.013021160611888113,0.4406327937796469,0.011714285036065333,-0.010562863709716874
0.46484375,179,0.43006993006993005,0.013021160611888113,0.4406327937796469,0.011714285036065333,-0.010562863709716874
0.46875,179,0.43006993006993005,0.013021160611888113,0.4406327937796469,0.011714285036065333,-0.010562863709716874
0.47265625,180,0.43006993006993005,0.013090820402097903,0.4409262066604724,0.011762908641865128,-0.010856276590542335
0.4921875,182,0.43006993006993005,0.013147676800699303,0.44151303242212336,0.011860155853464716,-0.011443102352193313
0.5,182,0.43006993006993005,0.013147676800699303,0.44151303242212336,0.011860155853464716,-0.011443102352193313
0.51171875,182,0.43006993006993005,0.013147676800699303,0.44151303242212336,0.011860155853464716,-0.011443102352193313
0.521484375,182,0.43006993006993005,0.013147676800699303,0.44151303242212336,0.011860155853464716,-0.011443102352193313
0.53125,182,0.43006993006993005,0.013147676800699303,0.44151303242212336,0.011860155853464716,-0.011443102352193313
0.5546875,182,0.43006993006993005,0.013147676800699303,0.44151303242212336,0.011860155853464716,-0.011443102352193313
0.578125,182,0.43006993006993005,0.013147676800699303,0.44151303242212336,0.011860155853464716,-0.011443102352193313
0.625,187,0.43006993006993005,0.013331205052447554,0.4429800968262506,0.01210327388246369,-0.012910166756320562
0.671875,190,0.43006993006993005,0.013447097150349651,0.44386033546872705,0.012249144699863075,-0.013790405398797001
0.67578125,191,0.43356643356643354,0.013495742255244756,0.4441537483495525,0.012297768305662867,-0.010587314783118973
0.6796875,191,0.43356643356643354,0.013495742255244756,0.4441537483495525,0.012297768305662867,-0.010587314783118973
0.681640625,191,0.43356643356643354,0.013495742255244756,0.4441537483495525,0.012297768305662867,-0.010587314783118973
0.68359375,191,0.43356643356643354,0.013495742255244756,0.4441537483495525,0.012297768305662867,-0.010587314783118973
0.712890625,193,0.43356643356643354,0.013578828094405594,0.44474057411120355,0.012395015517262456,-0.011174140544770006
0.7421875,193,0.43356643356643354,0.013578828094405594,0.44474057411120355,0.012395015517262456,-0.011174140544770006
0.75390625,195,0.4370629370629371,0.013684718758741258,0.4453273998728544,0.012492262728862046,-0.008264462809917328
0.765625,196,0.4370629370629371,0.013721922534965035,0.44562081275367993,0.012540886334661843,-0.008557875690742844
0.775390625,197,0.4370629370629371,0.013742236730769231,0.44591422563450533,0.012589509940461636,-0.00885128857156825
0.78515625,197,0.4370629370629371,0.013742236730769231,0.44591422563450533,0.012589509940461636,-0.00885128857156825
0.791015625,199,0.4370629370629371,0.01379979361888112,0.44650105139615626,0.012686757152061225,-0.009438114333219172
0.796875,199,0.4370629370629371,0.01379979361888112,0.44650105139615626,0.012686757152061225,-0.009438114333219172
0.80078125,199,0.4370629370629371,0.01379979361888112,0.44650105139615626,0.012686757152061225,-0.009438114333219172
0.8046875,199,0.4370629370629371,0.01379979361888112,0.44650105139615626,0.012686757152061225,-0.009438114333219172
0.80859375,199,0.4370629370629371,0.01379979361888112,0.44650105139615626,0.012686757152061225,-0.009438114333219172
0.8125,199,0.4370629370629371,0.01379979361888112,0.44650105139615626,0.012686757152061225,-0.009438114333219172
0.81640625,200,0.4370629370629371,0.01386209826923077,0.4467944642769818,0.012735380757861018,-0.009731527214044688
0.8203125,200,0.4370629370629371,0.01386209826923077,0.4467944642769818,0.012735380757861018,-0.009731527214044688
0.828125,201,0.4370629370629371,0.01388097256993007,0.4470878771578073,0.012784004363660813,-0.010024940094870205
0.8359375,201,0.4370629370629371,0.01388097256993007,0.4470878771578073,0.012784004363660813,-0.010024940094870205
0.837890625,201,0.4370629370629371,0.01388097256993007,0.4470878771578073,0.012784004363660813,-0.010024940094870205
0.83984375,201,0.4370629370629371,0.01388097256993007,0.4470878771578073,0.012784004363660813,-0.010024940094870205
0.845703125,203,0.43356643356643354,0.013935649667832168,0.44767470291945816,0.012881251575260403,-0.014108269353024616
0.8515625,203,0.43356643356643354,0.013935649667832168,0.44767470291945816,0.012881251575260403,-0.014108269353024616
0.853515625,204,0.4370629370629371,0.013963980576923078,0.4479681158002836,0.012929875181060198,-0.010905178737346533
0.85546875,204,0.4370629370629371,0.013963980576923078,0.4479681158002836,0.012929875181060198,-0.010905178737346533
0.857421875,204,0.4370629370629371,0.013963980576923078,0.4479681158002836,0.012929875181060198,-0.010905178737346533
0.859375,204,0.4370629370629371,0.013963980576923078,0.4479681158002836,0.012929875181060198,-0.010905178737346533
0.861328125,204,0.4370629370629371,0.013963980576923078,0.4479681158002836,0.012929875181060198,-0.010905178737346533
0.86328125,204,0.4370629370629371,0.013963980576923078,0.4479681158002836,0.012929875181060198,-0.010905178737346533
0.865234375,205,0.4370629370629371,0.014008928653846153,0.4482615286811091,0.012978498786859992,-0.011198591618171994
0.8671875,205,0.4370629370629371,0.014008928653846153,0.4482615286811091,0.012978498786859992,-0.011198591618171994
0.873046875,206,0.4370629370629371,0.014037531975524476,0.44855494156193454,0.013027122392659787,-0.011492004498997455
0.87890625,207,0.4370629370629371,0.01410715284965035,0.44884835444276,0.01307574599845958,-0.011785417379822916
0.880859375,208,0.4405594405594406,0.014162024527972026,0.44914176732358546,0.013124369604259379,-0.008582326764144887
0.8828125,208,0.4405594405594406,0.014162024527972026,0.44914176732358546,0.013124369604259379,-0.008582326764144887
0.884765625,208,0.4405594405594406,0.014162024527972026,0.44914176732358546,0.013124369604259379,-0.008582326764144887
0.88671875,208,0.4405594405594406,0.014162024527972026,0.44914176732358546,0.013124369604259379,-0.008582326764144887
0.890625,208,0.4405594405594406,0.014162024527972026,0.44914176732358546,0.013124369604259379,-0.008582326764144887
0.89453125,208,0.4405594405594406,0.014162024527972026,0.44914176732358546,0.013124369604259379,-0.008582326764144887
0.896484375,209,0.4405594405594406,0.01418327270979021,0.449435180204411,0.013172993210059172,-0.008875739644970404
0.8984375,209,0.4405594405594406,0.01418327270979021,0.449435180204411,0.013172993210059172,-0.008875739644970404
0.900390625,209,0.4405594405594406,0.01418327270979021,0.449435180204411,0.013172993210059172,-0.008875739644970404
0.90234375,209,0.4405594405594406,0.01418327270979021,0.449435180204411,0.013172993210059172,-0.008875739644970404
0.904296875,209,0.4405594405594406,0.01418327270979021,0.449435180204411,0.013172993210059172,-0.008875739644970404
0.90625,209,0.4405594405594406,0.01418327270979021,0.449435180204411,0.013172993210059172,-0.008875739644970404
0.908203125,209,0.4405594405594406,0.01418327270979021,0.449435180204411,0.013172993210059172,-0.008875739644970404
0.91015625,209,0.4405594405594406,0.01418327270979021,0.449435180204411,0.013172993210059172,-0.008875739644970404
0.912109375,209,0.4405594405594406,0.01418327270979021,0.449435180204411,0.013172993210059172,-0.008875739644970404
0.9140625,209,0.4405594405594406,0.01418327270979021,0.449435180204411,0.013172993210059172,-0.008875739644970404
0.916015625,209,0.4405594405594406,0.01418327270979021,0.449435180204411,0.013172993210059172,-0.008875739644970404
0.91796875,209,0.4405594405594406,0.01418327270979021,0.449435180204411,0.013172993210059172,-0.008875739644970404
0.919921875,210,0.4405594405594406,0.014194830786713287,0.4497285930852364,0.013221616815858967,-0.00916915252579581
0.921875,210,0.4405594405594406,0.014194830786713287,0.4497285930852364,0.013221616815858967,-0.00916915252579581
0.923828125,211,0.44405594405594406,0.014230477919580419,0.4500220059660619,0.013270240421658763,-0.005966061910117837
0.92578125,211,0.44405594405594406,0.014230477919580419,0.4500220059660619,0.013270240421658763,-0.005966061910117837
0.927734375,212,0.44405594405594406,0.01425768026223776,0.45031541884688736,0.013318864027458552,-0.006259474790943298
0.9296875,212,0.44405594405594406,0.01425768026223776,0.45031541884688736,0.013318864027458552,-0.006259474790943298
0.931640625,216,0.44405594405594406,0.014407818513986015,0.45148907037018926,0.013513358450657731,-0.0074331263142451975
0.93359375,216,0.44405594405594406,0.014407818513986015,0.45148907037018926,0.013513358450657731,-0.0074331263142451975
0.935546875,218,0.44755244755244755,0.014475960576923077,0.4520758961318402,0.013610605662257321,-0.0045234485793926305
0.9375,218,0.44755244755244755,0.014475960576923077,0.4520758961318402,0.013610605662257321,-0.0045234485793926305
0.939453125,220,0.44755244755244755,0.014524216520979018,0.4526627218934911,0.013707852873856912,-0.0051102743410435525
0.94140625,220,0.44755244755244755,0.014524216520979018,0.4526627218934911,0.013707852873856912,-0.0051102743410435525
0.943359375,221,0.44755244755244755,0.014576325157342657,0.4529561347743166,0.013756476479656707,-0.005403687221869069
0.9453125,221,0.44755244755244755,0.014576325157342657,0.4529561347743166,0.013756476479656707,-0.005403687221869069
0.947265625,223,0.44755244755244755,0.01461376243006993,0.45354296053596754,0.013853723691256295,-0.005990512983519991
0.94921875,223,0.44755244755244755,0.01461376243006993,0.45354296053596754,0.013853723691256295,-0.005990512983519991
0.951171875,223,0.44755244755244755,0.01461376243006993,0.45354296053596754,0.013853723691256295,-0.005990512983519991
0.953125,223,0.44755244755244755,0.01461376243006993,0.45354296053596754,0.013853723691256295,-0.005990512983519991
0.955078125,230,0.45104895104895104,0.01488341197552448,0.4555968507017458,0.014194088931854858,-0.004547899652794785
0.95703125,230,0.45104895104895104,0.01488341197552448,0.4555968507017458,0.014194088931854858,-0.004547899652794785
0.958984375,234,0.458041958041958,0.015000588304195804,0.45677050222504767,0.014388583355054038,0.0012714558169103496
0.9609375,234,0.458041958041958,0.015000588304195804,0.45677050222504767,0.014388583355054038,0.0012714558169103496
0.962890625,238,0.45454545454545453,0.015109786835664335,0.45794415374834957,0.014583077778253215,-0.003398699202895039
0.96484375,238,0.45454545454545453,0.015109786835664335,0.45794415374834957,0.014583077778253215,-0.003398699202895039
0.966796875,242,0.45104895104895104,0.015191588444055944,0.45911780527165147,0.014777572201452392,-0.008068854222700428
0.96875,242,0.45104895104895104,0.015191588444055944,0.45911780527165147,0.014777572201452392,-0.008068854222700428
0.970703125,251,0.458041958041958,0.015517860891608391,0.4617585211990807,0.015215184653650543,-0.0037165631571226543
0.97265625,251,0.458041958041958,0.015517860891608391,0.4617585211990807,0.015215184653650543,-0.0037165631571226543
0.974609375,262,0.46853146853146854,0.015993065192307695,0.46498606288816074,0.015750044317448284,0.0035454056433077974
0.9765625,262,0.46853146853146854,0.015993065192307695,0.46498606288816074,0.015750044317448284,0.0035454056433077974
0.978515625,270,0.47202797202797203,0.016208465716783214,0.46733336593476454,0.01613903316384664,0.004694606093207487
0.98046875,270,0.47202797202797203,0.016208465716783214,0.46733336593476454,0.01613903316384664,0.004694606093207487
0.982421875,273,0.47202797202797203,0.016354323199300698,0.4682136045772409,0.01628490398124603,0.0038143674507311043
0.984375,273,0.47202797202797203,0.016354323199300698,0.4682136045772409,0.01628490398124603,0.0038143674507311043
0.986328125,282,0.47202797202797203,0.01676741743006993,0.4708543205046702,0.01672251643344418,0.001173651523301844
0.98828125,282,0.47202797202797203,0.01676741743006993,0.4708543205046702,0.01672251643344418,0.001173651523301844
0.990234375,284,0.47202797202797203,0.016844237779720283,0.4714411462663211,0.016819763645043766,0.000586825761650922
0.9921875,284,0.47202797202797203,0.016844237779720283,0.4714411462663211,0.016819763645043766,0.000586825761650922
0.994140625,285,0.47202797202797203,0.01689264938811189,0.47173455914714657,0.016868387250843563,0.000293412880825461
0.99609375,285,0.47202797202797203,0.01689264938811189,0.47173455914714657,0.016868387250843563,0.000293412880825461
1,286,0.47202797202797203,0.01691701085664336,0.47202797202797203,0.01691701085664336,0.0
2,286,0.47202797202797203,0.01691701085664336,0.47202797202797203,0.01691701085664336,0.0
